Source Type,Count of Source Title,Included
Technological Forecasting and Social Change,52,1
JOURNAL OF KNOWLEDGE MANAGEMENT,49,1
Lecture Notes in Computer Science (including subseries Lecture Notes in Artificial Intelligence and Lecture Notes in Bioinformatics),46,1
EUROPEAN JOURNAL OF INNOVATION MANAGEMENT,37,1
JOURNAL OF BUSINESS RESEARCH,21,1
IEEE ACCESS,18,1
RESEARCH POLICY,18,1
IEEE TRANSACTIONS ON ENGINEERING MANAGEMENT,16,1
Advances in Intelligent Systems and Computing,15,1
JOURNAL OF BUSINESS & INDUSTRIAL MARKETING,15,1
MANAGEMENT DECISION,15,1
TECHNOVATION,15,1
ACM International Conference Proceeding Series,13,1
INTERNATIONAL JOURNAL OF INNOVATION AND TECHNOLOGY MANAGEMENT,13,1
INTERNATIONAL JOURNAL OF INNOVATION MANAGEMENT,12,1
INTERNATIONAL JOURNAL OF INNOVATION SCIENCE,12,1
Communications in Computer and Information Science,11,1
INTERNATIONAL JOURNAL OF OPERATIONS & PRODUCTION MANAGEMENT,11,1
JOURNAL OF TECHNOLOGY TRANSFER,11,1
BUSINESS PROCESS MANAGEMENT JOURNAL,10,1
JOURNAL OF MANAGEMENT IN ENGINEERING,10,1
JOURNAL OF ORGANIZATIONAL CHANGE MANAGEMENT,10,1
JOURNAL OF PRODUCT INNOVATION MANAGEMENT,10,1
COMPETITIVENESS REVIEW,9,1
INDUSTRIAL MARKETING MANAGEMENT,9,1
INTERNATIONAL JOURNAL OF EMERGING MARKETS,9,1
INTERNATIONAL JOURNAL OF ENTREPRENEURIAL BEHAVIOR & RESEARCH,9,1
INTERNATIONAL JOURNAL OF TECHNOLOGY MANAGEMENT,9,1
Journal of Industrial Engineering and Engineering Management,9,1
BUSINESS STRATEGY AND THE ENVIRONMENT,8,1
CREATIVITY AND INNOVATION MANAGEMENT,8,1
ENERGY RESEARCH & SOCIAL SCIENCE,8,1
INTERNATIONAL JOURNAL OF PRODUCTIVITY AND PERFORMANCE MANAGEMENT,8,1
JOURNAL OF INTELLECTUAL CAPITAL,8,1
Organization Science,8,1
"Proceedings of the International Astronautical Congress, IAC",8,1
TECHNOLOGY ANALYSIS & STRATEGIC MANAGEMENT,8,1
JOURNAL OF SCIENCE AND TECHNOLOGY POLICY MANAGEMENT,7,1
Lecture Notes in Networks and Systems,7,1
MANAGEMENT AND ORGANIZATION REVIEW,7,1
Proceedings of the Annual Hawaii International Conference on System Sciences,7,1
SAGE OPEN,7,1
Strategic management journal,7,1
TECHNOLOGY IN SOCIETY,7,1
BRITISH FOOD JOURNAL,6,1
BRITISH JOURNAL OF EDUCATIONAL TECHNOLOGY,6,1
CEUR Workshop Proceedings,6,1
ENERGIES,6,1
IEEE TRANSACTIONS ON NEURAL NETWORKS AND LEARNING SYSTEMS,6,1
INFORMATION SYSTEMS FRONTIERS,6,1
INTERNATIONAL BUSINESS REVIEW,6,1
INTERNATIONAL JOURNAL OF INFORMATION MANAGEMENT,6,1
JOURNAL OF ENTERPRISE INFORMATION MANAGEMENT,6,1
JOURNAL OF GLOBAL INFORMATION MANAGEMENT,6,1
JOURNAL OF INNOVATION & KNOWLEDGE,6,1
"Journal of Open Innovation: Technology, Market, and Complexity",6,1
JOURNAL OF THE KNOWLEDGE ECONOMY,6,1
LEADERSHIP & ORGANIZATION DEVELOPMENT JOURNAL,6,1
Lecture Notes on Data Engineering and Communications Technologies,6,1
NEUROCOMPUTING,6,1
R & D MANAGEMENT,6,1
SCIENTOMETRICS,6,1
VINE JOURNAL OF INFORMATION AND KNOWLEDGE MANAGEMENT SYSTEMS,6,1
APPLIED SCIENCES-BASEL,5,1
ARCHITECTURAL ENGINEERING AND DESIGN MANAGEMENT,5,1
"ASEE Annual Conference and Exposition, Conference Proceedings",5,1
COMPUTERS IN HUMAN BEHAVIOR,5,1
ENGINEERING CONSTRUCTION AND ARCHITECTURAL MANAGEMENT,5,1
ENVIRONMENTAL INNOVATION AND SOCIETAL TRANSITIONS,5,1
EUROPEAN BUSINESS REVIEW,5,1
EUROPEAN PLANNING STUDIES,5,1
EXPERT SYSTEMS WITH APPLICATIONS,5,1
FRONTIERS IN ENERGY RESEARCH,5,1
FUTURES,5,1
"Interdisciplinary Journal of Information, Knowledge, and Management",5,1
INTERNATIONAL JOURNAL OF MANAGING PROJECTS IN BUSINESS,5,1
INTERNATIONAL JOURNAL OF PRODUCTION RESEARCH,5,1
INTERNATIONAL JOURNAL OF TECHNOLOGY AND DESIGN EDUCATION,5,1
JOURNAL OF CONSTRUCTION ENGINEERING AND MANAGEMENT,5,1
JOURNAL OF INTELLIGENT & FUZZY SYSTEMS,5,1
JOURNAL OF PUBLIC AFFAIRS,5,1
JOURNAL OF SMALL BUSINESS AND ENTERPRISE DEVELOPMENT,5,1
NURSE EDUCATION IN PRACTICE,5,1
OPERATIONS MANAGEMENT RESEARCH,5,1
PERSONNEL REVIEW,5,1
PORTLAND INTERNATIONAL CONFERENCE ON MANAGEMENT OF ENGINEERING AND TECHNOLOGY (PICMET 2016): TECHNOLOGY MANAGEMENT FOR SOCIAL INNOVATION,5,1
"Proceedings of the European Conference on Knowledge Management, ECKM",5,1
SCIENCE AND PUBLIC POLICY,5,1
SCIENTIFIC PROGRAMMING,5,1
"Smart Innovation, Systems and Technologies",5,1
SOCIAL BEHAVIOR AND PERSONALITY,5,1
SOCIAL ENTERPRISE JOURNAL,5,1
SOCIAL RESPONSIBILITY JOURNAL,5,1
SUSTAINABLE PRODUCTION AND CONSUMPTION,5,1
SYSTEMS RESEARCH AND BEHAVIORAL SCIENCE,5,1
Tropical Geography,5,1
2019 PORTLAND INTERNATIONAL CONFERENCE ON MANAGEMENT OF ENGINEERING AND TECHNOLOGY (PICMET),4,1
ASIA PACIFIC JOURNAL OF MARKETING AND LOGISTICS,4,1
ASLIB JOURNAL OF INFORMATION MANAGEMENT,4,1
BMC Health Services Research,4,1
COGNITIVE COMPUTATION,4,1
DESIGN JOURNAL,4,1
DISCRETE DYNAMICS IN NATURE AND SOCIETY,4,1
E3S Web of Conferences,4,1
EUROPEAN JOURNAL OF MARKETING,4,1
FRONTIERS IN EDUCATION,4,1
FRONTIERS IN ENVIRONMENTAL SCIENCE,4,1
HUMAN SYSTEMS MANAGEMENT,4,1
"IFKAD 2017: 12TH INTERNATIONAL FORUM ON KNOWLEDGE ASSET DYNAMICS: KNOWLEDGE MANAGEMENT IN THE 21ST CENTURY: RESILIENCE, CREATIVITY AND CO-CREATION",4,1
Industrial and Corporate Change,4,1
INFORMATION SCIENCES,4,1
INNOVATION-ORGANIZATION & MANAGEMENT,4,1
INTERACTIVE LEARNING ENVIRONMENTS,4,1
INTERNATIONAL JOURNAL OF BANK MARKETING,4,1
INTERNATIONAL JOURNAL OF CONFLICT MANAGEMENT,4,1
INTERNATIONAL JOURNAL OF EDUCATIONAL MANAGEMENT,4,1
INTERNATIONAL JOURNAL OF ENGINEERING EDUCATION,4,1
INTERNATIONAL JOURNAL OF PRODUCTION ECONOMICS,4,1
INTERNATIONAL JOURNAL OF QUALITY & RELIABILITY MANAGEMENT,4,1
JOURNAL OF ENVIRONMENTAL MANAGEMENT,4,1
JOURNAL OF EVOLUTIONARY ECONOMICS,4,1
JOURNAL OF INTERNATIONAL MANAGEMENT,4,1
Journal of management,4,1
JOURNAL OF MANAGEMENT DEVELOPMENT,4,1
JOURNAL OF MANUFACTURING TECHNOLOGY MANAGEMENT,4,1
LEARNING ORGANIZATION,4,1
Lecture Notes in Electrical Engineering,4,1
"Lecture Notes of the Institute for Computer Sciences, Social-Informatics and Telecommunications Engineering, LNICST",4,1
LIBRARY HI TECH,4,1
MANAGEMENT INTERNATIONAL REVIEW,4,1
NANKAI BUSINESS REVIEW INTERNATIONAL,4,1
Procedia CIRP,4,1
"Proceedings of the European Conference on Innovation and Entrepreneurship, ECIE",4,1
PROCESSES,4,1
SCIENCE OF THE TOTAL ENVIRONMENT,4,1
Smart Learning Environments,4,1
"14TH INTERNATIONAL TECHNOLOGY, EDUCATION AND DEVELOPMENT CONFERENCE (INTED2020)",3,1
Advances in Neural Information Processing Systems,3,1
AGRONOMY FOR SUSTAINABLE DEVELOPMENT,3,1
Applied Sciences (Switzerland),3,1
ASIA PACIFIC BUSINESS REVIEW,3,1
ASIA PACIFIC JOURNAL OF MANAGEMENT,3,1
ASIAN JOURNAL OF TECHNOLOGY INNOVATION,3,1
BRIEFINGS IN BIOINFORMATICS,3,1
CIRIEC-ESPANA REVISTA DE ECONOMIA PUBLICA SOCIAL Y COOPERATIVA,3,1
"CIRIEC-Espana Revista de Economia Publica, Social y Cooperativa",3,1
COGENT BUSINESS & MANAGEMENT,3,1
Communications of the Association for Information Systems,3,1
COMPLEXITY,3,1
COMPUTATIONAL AND STRUCTURAL BIOTECHNOLOGY JOURNAL,3,1
COMPUTERS & EDUCATION,3,1
CONSTRUCTION MANAGEMENT AND ECONOMICS,3,1
CROSS CULTURAL & STRATEGIC MANAGEMENT,3,1
CURRENT PSYCHOLOGY,3,1
Developments in Marketing Science: Proceedings of the Academy of Marketing Science,3,1
EDUCATION AND INFORMATION TECHNOLOGIES,3,1
EDULEARN18: 10TH INTERNATIONAL CONFERENCE ON EDUCATION AND NEW LEARNING TECHNOLOGIES,3,1
EDULEARN19: 11TH INTERNATIONAL CONFERENCE ON EDUCATION AND NEW LEARNING TECHNOLOGIES,3,1
ELECTRONICS,3,1
EMPLOYEE RELATIONS,3,1
"Engineering, Construction and Architectural Management",3,1
Environmental Science and Policy,3,1
EVIDENCE-BASED HRM-A GLOBAL FORUM FOR EMPIRICAL SCHOLARSHIP,3,1
FOREST POLICY AND ECONOMICS,3,1
FRONTIERS IN BIOENGINEERING AND BIOTECHNOLOGY,3,1
FRONTIERS IN MARINE SCIENCE,3,1
"ICERI2016: 9TH INTERNATIONAL CONFERENCE OF EDUCATION, RESEARCH AND INNOVATION",3,1
IEEE TRANSACTIONS ON INTELLIGENT TRANSPORTATION SYSTEMS,3,1
IFIP Advances in Information and Communication Technology,3,1
IJCAI International Joint Conference on Artificial Intelligence,3,1
INDUSTRIAL MANAGEMENT & DATA SYSTEMS,3,1
INFORMATION TECHNOLOGY & PEOPLE,3,1
"International Conference on Information and Knowledge Management, Proceedings",3,1
INTERNATIONAL ENTREPRENEURSHIP AND MANAGEMENT JOURNAL,3,1
INTERNATIONAL JOURNAL FOR LESSON AND LEARNING STUDIES,3,1
INTERNATIONAL JOURNAL OF ADVANCED MANUFACTURING TECHNOLOGY,3,1
INTERNATIONAL JOURNAL OF ENTREPRENEURSHIP AND INNOVATION,3,1
International Journal of Entrepreneurship and Innovation Management,3,1
INTERNATIONAL JOURNAL OF HUMAN RESOURCE MANAGEMENT,3,1
INTERNATIONAL JOURNAL OF MANPOWER,3,1
International Journal of Medical Informatics,3,1
INTERNATIONAL JOURNAL OF MOLECULAR SCIENCES,3,1
INTERNATIONAL JOURNAL OF ORGANIZATIONAL ANALYSIS,3,1
JOURNAL OF AGRICULTURAL EDUCATION & EXTENSION,3,1
JOURNAL OF ASIAN FINANCE ECONOMICS AND BUSINESS,3,1
Journal of Business and Industrial Marketing,3,1
JOURNAL OF BUSINESS-TO-BUSINESS MARKETING,3,1
JOURNAL OF EDUCATIONAL ADMINISTRATION,3,1
JOURNAL OF ENGINEERING DESIGN AND TECHNOLOGY,3,1
JOURNAL OF HOSPITALITY AND TOURISM MANAGEMENT,3,1
JOURNAL OF INFORMATION TECHNOLOGY,3,1
JOURNAL OF MEDICAL INTERNET RESEARCH,3,1
JOURNAL OF PRODUCT AND BRAND MANAGEMENT,3,1
JOURNAL OF PROFESSIONAL CAPITAL AND COMMUNITY,3,1
JOURNAL OF RESPONSIBLE INNOVATION,3,1
JOURNAL OF STRATEGIC INFORMATION SYSTEMS,3,1
Journal of Workplace Learning,3,1
KNOWLEDGE AND PROCESS MANAGEMENT,3,1
KNOWLEDGE MANAGEMENT RESEARCH & PRACTICE,3,1
KNOWLEDGE-BASED SYSTEMS,3,1
Lecture Notes in Business Information Processing,3,1
Lecture Notes in Civil Engineering,3,1
LONG RANGE PLANNING,3,1
MINERVA,3,1
Nature Communications,3,1
NEURAL NETWORKS,3,1
Nongye Gongcheng Xuebao/Transactions of the Chinese Society of Agricultural Engineering,3,1
ON THE HORIZON,3,1
PHILOSOPHICAL TRANSACTIONS OF THE ROYAL SOCIETY B-BIOLOGICAL SCIENCES,3,1
PLOS COMPUTATIONAL BIOLOGY,3,1
Proceedings - IEEE International Conference on Robotics and Automation,3,1
"Proceedings of the International Conference on Engineering Design, ICED",3,1
Proceedings of the International Conference on Industrial Engineering and Operations Management,3,1
PRODUCTION PLANNING & CONTROL,3,1
Progress in Geography,3,1
PSYCHOLOGY RESEARCH AND BEHAVIOR MANAGEMENT,3,1
RENEWABLE & SUSTAINABLE ENERGY REVIEWS,3,1
SCIENCE EDUCATION,3,1
SCIENCE TECHNOLOGY AND SOCIETY,3,1
SMALL BUSINESS ECONOMICS,3,1
Strategic Organization,3,1
SUPPLY CHAIN MANAGEMENT-AN INTERNATIONAL JOURNAL,3,1
SUSTAINABLE CITIES AND SOCIETY,3,1
THUNDERBIRD INTERNATIONAL BUSINESS REVIEW,3,1
WATER,3,1
WIRELESS COMMUNICATIONS & MOBILE COMPUTING,3,1
WORLD DEVELOPMENT,3,1
"11TH INTERNATIONAL CONFERENCE OF EDUCATION, RESEARCH AND INNOVATION (ICERI2018)",2,1
"12TH INTERNATIONAL CONFERENCE OF EDUCATION, RESEARCH AND INNOVATION (ICERI 2019)",2,1
2018 IEEE FRONTIERS IN EDUCATION CONFERENCE (FIE),2,1
2019 IEEE AEROSPACE CONFERENCE,2,1
2021 IEEE FRONTIERS IN EDUCATION CONFERENCE (FIE 2021),2,1
"26th International Association for Management of Technology Conference, IAMOT 2017",2,1
52ND CIRP CONFERENCE ON MANUFACTURING SYSTEMS (CMS),2,1
9TH INTERNATIONAL CONFERENCE ON EDUCATION AND NEW LEARNING TECHNOLOGIES (EDULEARN17),2,1
9TH INTERNATIONAL CONFERENCE THE FUTURE OF EDUCATION,2,1
Academia (Greece),2,1
ACADEMIC MEDICINE,2,1
Academy of management journal,2,1
ACS NANO,2,1
Acta Horticulturae,2,1
ADAPTIVE BEHAVIOR,2,1
ADMINISTRATION & SOCIETY,2,1
ADVANCED ENGINEERING INFORMATICS,2,1
ADVANCED FUNCTIONAL MATERIALS,2,1
Advanced Science,2,1
"Advances in Science, Technology and Innovation",2,1
AFRICAN JOURNAL OF SCIENCE TECHNOLOGY INNOVATION & DEVELOPMENT,2,1
APPLIED ENERGY,2,1
ASIA PACIFIC JOURNAL OF INNOVATION AND ENTREPRENEURSHIP,2,1
AUSTRALASIAN JOURNAL OF EDUCATIONAL TECHNOLOGY,2,1
BALTIC JOURNAL OF MANAGEMENT,2,1
Benchmarking,2,1
BIG DATA,2,1
BIG DATA & SOCIETY,2,1
BMC BIOINFORMATICS,2,1
BMC Medical Education,2,1
BMC MEDICAL INFORMATICS AND DECISION MAKING,2,1
BRITISH ACCOUNTING REVIEW,2,1
BUILDINGS,2,1
BUILT ENVIRONMENT PROJECT AND ASSET MANAGEMENT,2,1
CAMBRIDGE JOURNAL OF REGIONS ECONOMY AND SOCIETY,2,1
CLIMATE POLICY,2,1
CLIOMETRICA,2,1
COGENT SOCIAL SCIENCES,2,1
COMPUTATIONAL INTELLIGENCE AND NEUROSCIENCE,2,1
Computers and Education,2,1
"Computer-Supported Collaborative Learning Conference, CSCL",2,1
Conference on Human Factors in Computing Systems - Proceedings,2,1
"Conference Record - Asilomar Conference on Signals, Systems and Computers",2,1
CURRENT ISSUES IN TOURISM,2,1
DIAGNOSTICS,2,1
DIGITAL JOURNALISM,2,1
Dili Xuebao/Acta Geographica Sinica,2,1
EARTHS FUTURE,2,1
ECOLOGICAL INDICATORS,2,1
ECONOMIC GEOGRAPHY,2,1
ECONOMIC SYSTEMS RESEARCH,2,1
ECONOMICS OF INNOVATION AND NEW TECHNOLOGY,2,1
EDUCATION AND TRAINING,2,1
EDUCATION SCIENCES,2,1
ELEKTROTECHNIK UND INFORMATIONSTECHNIK,2,1
Energy,2,1
Energy Research and Social Science,2,1
ENTREPRENEURSHIP AND REGIONAL DEVELOPMENT,2,1
ENTREPRENEURSHIP RESEARCH JOURNAL,2,1
ENVIRONMENT DEVELOPMENT AND SUSTAINABILITY,2,1
ENVIRONMENTAL IMPACT ASSESSMENT REVIEW,2,1
ENVIRONMENTAL SCIENCE & POLICY,2,1
EUROMED JOURNAL OF BUSINESS,2,1
EUROPEAN MANAGEMENT JOURNAL,2,1
FRESENIUS ENVIRONMENTAL BULLETIN,2,1
FRESHWATER BIOLOGY,2,1
FRONTIERS IN ARTIFICIAL INTELLIGENCE,2,1
FRONTIERS IN ECOLOGY AND EVOLUTION,2,1
FRONTIERS IN ROBOTICS AND AI,2,1
Frontiers in Sustainable Cities,2,1
GEOFORUM,2,1
GEOGRAFISKA ANNALER SERIES B-HUMAN GEOGRAPHY,2,1
GESTAO E DESENVOLVIMENTO,2,1
Globalization and Health,2,1
Health Research Policy and Systems,2,1
HELIYON,2,1
HIGHER EDUCATION RESEARCH & DEVELOPMENT,2,1
Human Behavior and Emerging Technologies,2,1
HUMANITIES & SOCIAL SCIENCES COMMUNICATIONS,2,1
"IAMOT 2016 - 25th International Association for Management of Technology Conference, Proceedings: Technology - Future Thinking",2,1
IEEE Aerospace Conference Proceedings,2,1
IEEE COMPUTATIONAL INTELLIGENCE MAGAZINE,2,1
IEEE INTERNET OF THINGS JOURNAL,2,1
IEEE ROBOTICS AND AUTOMATION LETTERS,2,1
IEEE TRANSACTIONS ON KNOWLEDGE AND DATA ENGINEERING,2,1
IEEE TRANSACTIONS ON LEARNING TECHNOLOGIES,2,1
IEEE Transactions on Robotics,2,1
IEEE TRANSACTIONS ON VISUALIZATION AND COMPUTER GRAPHICS,2,1
INDIAN JOURNAL OF TRADITIONAL KNOWLEDGE,2,1
Industrial Management and Data Systems,2,1
INDUSTRY AND INNOVATION,2,1
INNOVATION & MANAGEMENT REVIEW,2,1
Innovation and Development,2,1
Innovation and Management Review,2,1
INNOVATIONS IN EDUCATION AND TEACHING INTERNATIONAL,2,1
"International Conference on Intelligent User Interfaces, Proceedings IUI",2,1
INTERNATIONAL JOURNAL OF ADVANCED COMPUTER SCIENCE AND APPLICATIONS,2,1
INTERNATIONAL JOURNAL OF CONSTRUCTION MANAGEMENT,2,1
INTERNATIONAL JOURNAL OF DATA SCIENCE AND ANALYTICS,2,1
INTERNATIONAL JOURNAL OF ENGINEERING BUSINESS MANAGEMENT,2,1
INTERNATIONAL JOURNAL OF INNOVATION,2,1
INTERNATIONAL JOURNAL OF LOGISTICS MANAGEMENT,2,1
INTERNATIONAL JOURNAL OF MANAGEMENT REVIEWS,2,1
International Journal of Operations and Production Management,2,1
INTERNATIONAL JOURNAL OF PROJECT MANAGEMENT,2,1
INTERNATIONAL JOURNAL OF PUBLIC SECTOR MANAGEMENT,2,1
INTERNATIONAL JOURNAL OF QUALITY AND SERVICE SCIENCES,2,1
INTERNATIONAL JOURNAL OF SENSOR NETWORKS,2,1
INTERNATIONAL JOURNAL OF SERIOUS GAMES,2,1
INTERNATIONAL JOURNAL OF URBAN AND REGIONAL RESEARCH,2,1
INTERNATIONAL JOURNAL OF URBAN SCIENCES,2,1
INTERNATIONAL JOURNAL OF WATER RESOURCES DEVELOPMENT,2,1
INTERNATIONAL REVIEW OF APPLIED ECONOMICS,2,1
INTERNATIONAL SMALL BUSINESS JOURNAL-RESEARCHING ENTREPRENEURSHIP,2,1
JMIR Formative Research,2,1
JOURNAL OF AGRIBUSINESS IN DEVELOPING AND EMERGING ECONOMIES,2,1
JOURNAL OF BUSINESS ETHICS,2,1
JOURNAL OF CHEMICAL INFORMATION AND MODELING,2,1
Journal of Chemical Physics,2,1
JOURNAL OF CIVIL ENGINEERING AND MANAGEMENT,2,1
JOURNAL OF COASTAL RESEARCH,2,1
JOURNAL OF CONTEMPORARY EUROPEAN RESEARCH,2,1
JOURNAL OF DECISION SYSTEMS,2,1
JOURNAL OF ENTREPRENEURSHIP IN EMERGING ECONOMIES,2,1
JOURNAL OF ENVIRONMENTAL POLICY & PLANNING,2,1
JOURNAL OF FASHION MARKETING AND MANAGEMENT,2,1
JOURNAL OF GENERAL MANAGEMENT,2,1
JOURNAL OF INTERDISCIPLINARY MATHEMATICS,2,1
JOURNAL OF ISLAMIC MARKETING,2,1
JOURNAL OF MANAGEMENT CONTROL,2,1
JOURNAL OF MECHANICAL DESIGN,2,1
JOURNAL OF OCCUPATIONAL AND ORGANIZATIONAL PSYCHOLOGY,2,1
JOURNAL OF OPERATIONS MANAGEMENT,2,1
JOURNAL OF ORGANIZATIONAL AND END USER COMPUTING,2,1
JOURNAL OF PUBLIC PROCUREMENT,2,1
Journal of Purchasing and Supply Management,2,1
JOURNAL OF RESEARCH IN MARKETING AND ENTREPRENEURSHIP,2,1
JOURNAL OF RETAILING AND CONSUMER SERVICES,2,1
JOURNAL OF RISK AND FINANCIAL MANAGEMENT,2,1
JOURNAL OF RURAL STUDIES,2,1
JOURNAL OF SENSORS,2,1
JOURNAL OF TRANSFORMATIVE EDUCATION,2,1
KSCE JOURNAL OF CIVIL ENGINEERING,2,1
LAND USE POLICY,2,1
Leadership in Health Services,2,1
Lecture Notes in Mechanical Engineering,2,1
MANAGEMENT RESEARCH REVIEW,2,1
Management Science Letters,2,1
MANAGERIAL AND DECISION ECONOMICS,2,1
MATEC Web of Conferences,2,1
MATHEMATICAL BIOSCIENCES AND ENGINEERING,2,1
MATHEMATICAL PROBLEMS IN ENGINEERING,2,1
Mechanical Systems and Signal Processing,2,1
Mechanisms and Machine Science,2,1
Microprocessors and Microsystems,2,1
MIROVAYA EKONOMIKA I MEZHDUNARODNYE OTNOSHENIYA,2,1
MULTIMEDIA TOOLS AND APPLICATIONS,2,1
NANOMATERIALS,2,1
NJAS-WAGENINGEN JOURNAL OF LIFE SCIENCES,2,1
Nurse Education Today,2,1
OCEAN & COASTAL MANAGEMENT,2,1
PACIFIC ACCOUNTING REVIEW,2,1
PATTERN RECOGNITION LETTERS,2,1
Perspectives in Education,2,1
PHILOSOPHICAL TRANSACTIONS OF THE ROYAL SOCIETY A-MATHEMATICAL PHYSICAL AND ENGINEERING SCIENCES,2,1
PHYSICA A-STATISTICAL MECHANICS AND ITS APPLICATIONS,2,1
PHYSICAL REVIEW LETTERS,2,1
PHYSICS OF FLUIDS,2,1
"PICMET 2016 - Portland International Conference on Management of Engineering and Technology: Technology Management For Social Innovation, Proceedings",2,1
"PICMET 2019 - Portland International Conference on Management of Engineering and Technology: Technology Management in the World of Intelligent Systems, Proceedings",2,1
"Proceedings - Frontiers in Education Conference, FIE",2,1
Proceedings of SPIE - The International Society for Optical Engineering,2,1
"PROCEEDINGS OF THE 14TH INTERNATIONAL CONFERENCE ON INNOVATION AND MANAGEMENT, VOLS I & II",2,1
"Proceedings of the 15th International Conference on Mobile Learning 2019, ML 2019",2,1
"PROCEEDINGS OF THE 18TH EUROPEAN CONFERENCE ON KNOWLEDGE MANAGEMENT (ECKM 2017), VOLS 1 AND 2",2,1
"Proceedings of the 2016 Industrial and Systems Engineering Research Conference, ISERC 2016",2,1
PROCEEDINGS OF THE 50TH ANNUAL HAWAII INTERNATIONAL CONFERENCE ON SYSTEM SCIENCES,2,1
"Proceedings of the ACM on Interactive, Mobile, Wearable and Ubiquitous Technologies",2,1
Proceedings of the ASME Design Engineering Technical Conference,2,1
Proceedings of the International Joint Conference on Neural Networks,2,1
PROCEEDINGS OF THE NATIONAL ACADEMY OF SCIENCES OF THE UNITED STATES OF AMERICA,2,1
PROCEEDINGS OF THE TWENTY-SEVENTH INTERNATIONAL JOINT CONFERENCE ON ARTIFICIAL INTELLIGENCE,2,1
PROJECT MANAGEMENT JOURNAL,2,1
RBGN-REVISTA BRASILEIRA DE GESTAO DE NEGOCIOS,2,1
Resources and Environment in the Yangtze Basin,2,1
RESOURCES CONSERVATION AND RECYCLING,2,1
RESOURCES POLICY,2,1
REVIEW OF MANAGERIAL SCIENCE,2,1
Revista de Administracao Contemporanea,2,1
SECURITY AND COMMUNICATION NETWORKS,2,1
SENSORS,2,1
SERVICE INDUSTRIES JOURNAL,2,1
SOUTH AFRICAN JOURNAL OF BUSINESS MANAGEMENT,2,1
SPANISH JOURNAL OF AGRICULTURAL RESEARCH,2,1
Springer Proceedings in Business and Economics,2,1
SUSTAINABLE DEVELOPMENT,2,1
SYMMETRY-BASEL,2,1
THINKING SKILLS AND CREATIVITY,2,1
Tiedao Xuebao/Journal of the China Railway Society,2,1
TOTAL QUALITY MANAGEMENT & BUSINESS EXCELLENCE,2,1
"Towards the Digital World and Industry X.0 - Proceedings of the 29th International Conference of the International Association for Management of Technology, IAMOT 2020",2,1
TRIPLE HELIX,2,1
VOCATIONS AND LEARNING,2,1
WILEY INTERDISCIPLINARY REVIEWS-COMPUTATIONAL MOLECULAR SCIENCE,2,1
WIRELESS NETWORKS,2,1
"10TH INTERNATIONAL CONFERENCE OF EDUCATION, RESEARCH AND INNOVATION (ICERI2017)",1,1
12TH ACM CONFERENCE ON RECOMMENDER SYSTEMS (RECSYS),1,1
13TH ANNUAL CONFERENCE OF THE EUROMED ACADEMY OF BUSINESS: BUSINESS THEORY AND PRACTICE ACROSS INDUSTRIES AND MARKETS,1,1
13TH INTERNATIONAL ENGINEERING RESEARCH CONFERENCE (13TH EURECA 2019),1,1
"13TH INTERNATIONAL TECHNOLOGY, EDUCATION AND DEVELOPMENT CONFERENCE (INTED2019)",1,1
15TH ACM CONFERENCE ON RECOMMENDER SYSTEMS (RECSYS 2021),1,1
"15th Conference of the European Chapter of the Association for Computational Linguistics, EACL 2017 - Proceedings of Conference",1,1
"15th International Conference on Network and Service Management, CNSM 2019",1,1
15TH INTERNATIONAL FORUM ON KNOWLEDGE ASSET DYNAMICS (IFKAD 2020): KNOWLEDGE IN DIGITAL AGE,1,1
2015 6th International Green and Sustainable Computing Conference,1,1
2016 IEEE 16TH INTERNATIONAL CONFERENCE ON ADVANCED LEARNING TECHNOLOGIES (ICALT),1,1
"2016 IEEE 1st International Conference on Control, Measurement and Instrumentation, CMI 2016",1,1
2016 IEEE/ACM INTERNATIONAL CONFERENCE ON COMPUTER-AIDED DESIGN (ICCAD),1,1
"2016 INTERNATIONAL CONFERENCE ON MANAGEMENT, ECONOMICS AND SOCIAL DEVELOPMENT (ICMESD 2016)",1,1
2017 2ND INTERNATIONAL CONFERENCE ON EDUCATION & EDUCATION RESEARCH (EDUER 2017),1,1
2017 31ST IEEE INTERNATIONAL CONFERENCE ON ADVANCED INFORMATION NETWORKING AND APPLICATIONS WORKSHOPS (IEEE WAINA 2017),1,1
2017 4TH INTERNATIONAL CONFERENCE ON INDUSTRIAL ECONOMICS SYSTEM AND INDUSTRIAL SECURITY ENGINEERING (IEIS),1,1
2017 4TH INTERNATIONAL CONFERENCE ON MANAGEMENT INNOVATION AND BUSINESS INNOVATION (ICMIBI 2017,1,1
"2017 5TH INTERNATIONAL CONFERENCE ON PHYSICAL EDUCATION AND SOCIETY MANAGEMENT (ICPESM 2017), VOL. 2",1,1
2017 7TH WORLD ENGINEERING EDUCATION FORUM (WEEF),1,1
"2017 INTERNATIONAL CONFERENCE ON ADVANCED EDUCATION, PSYCHOLOGY AND SPORTS SCIENCE (AEPSS 2017)",1,1
"2017 INTERNATIONAL CONFERENCE ON ENGINEERING, TECHNOLOGY AND INNOVATION (ICE/ITMC)",1,1
2017 INTERNATIONAL CONFERENCE ON MACHINE VISION AND INFORMATION TECHNOLOGY (CMVIT),1,1
2017 INTERNATIONAL JOINT CONFERENCE ON NEURAL NETWORKS (IJCNN),1,1
2018 4TH IEEE INTERNATIONAL CONFERENCE ON COLLABORATION AND INTERNET COMPUTING (CIC 2018),1,1
"2018 4TH INTERNATIONAL CONFERENCE ON EDUCATION, MANAGEMENT AND INFORMATION TECHNOLOGY (ICEMIT 2018)",1,1
2018 CHINESE AUTOMATION CONGRESS (CAC),1,1
2018 FIRST INTERNATIONAL CONFERENCE ON ENVIRONMENT PREVENTION AND POLLUTION CONTROL TECHNOLOGY (EPPCT 2018),1,1
"2018 IEEE INTERNATIONAL CONFERENCE ON ENGINEERING, TECHNOLOGY AND INNOVATION (ICE/ITMC)",1,1
2018 IEEE INTERNATIONAL CONFERENCE ON ROBOTICS AND BIOMIMETICS (ROBIO),1,1
"2018 IEEE International Conference on Robotics and Biomimetics, ROBIO 2018",1,1
"2018 IEEE International Symposium on Technologies for Homeland Security, HST 2018",1,1
2018 INTERNATIONAL CONFERENCE ON INFORMATION AND COMMUNICATION TECHNOLOGY CONVERGENCE (ICTC),1,1
2018 INTERNATIONAL SYMPOSIUM ON POWER ELECTRONICS AND CONTROL ENGINEERING (ISPECE 2018),1,1
"2018 Joint IEEE 8th International Conference on Development and Learning and Epigenetic Robotics, ICDL-EpiRob 2018",1,1
2018 PORTLAND INTERNATIONAL CONFERENCE ON MANAGEMENT OF ENGINEERING AND TECHNOLOGY (PICMET '18): MANAGING TECHNOLOGICAL ENTREPRENEURSHIP: THE ENGINE FOR ECONOMIC GROWTH,1,1
"2018 SEG International Exposition and Annual Meeting, SEG 2018",1,1
2019 15TH INTERNATIONAL CONFERENCE ON NETWORK AND SERVICE MANAGEMENT (CNSM),1,1
2019 2ND INTERNATIONAL CONFERENCE ON ARTIFICIAL INTELLIGENCE AND BIG DATA (ICAIBD 2019),1,1
"2019 2nd International Conference on Artificial Intelligence and Big Data, ICAIBD 2019",1,1
"2019 IEEE International Symposium on Innovation and Entrepreneurship, TEMS-ISIE 2019",1,1
2019 IEEE TECHNOLOGY & ENGINEERING MANAGEMENT CONFERENCE (TEMSCON),1,1
"2019 IEEE Technology and Engineering Management Conference, TEMSCON 2019",1,1
"2019 International Conference on Industrial Engineering, Applications and Manufacturing, ICIEAM 2019",1,1
2019 INTERNATIONAL JOINT CONFERENCE ON NEURAL NETWORKS (IJCNN),1,1
2020 11TH IEEE CONTROL AND SYSTEM GRADUATE RESEARCH COLLOQUIUM (ICSGRC),1,1
"2020 11th IEEE Control and System Graduate Research Colloquium, ICSGRC 2020 - Proceedings",1,1
"2020 35th Conference on Design of Circuits and Integrated Systems, DCIS 2020",1,1
"2020 3rd International Conference on Computer and Informatics Engineering, IC2IE 2020",1,1
"2020 7th International Conference on Information Technology Trends, ITT 2020",1,1
2020 AIAA/IEEE 39TH DIGITAL AVIONICS SYSTEMS CONFERENCE (DASC) PROCEEDINGS,1,1
"2020 IEEE CONFERENCE ON TELECOMMUNICATIONS, OPTICS AND COMPUTER SCIENCE (TOCS)",1,1
"2020 IEEE INTERNATIONAL CONFERENCE ON ACOUSTICS, SPEECH, AND SIGNAL PROCESSING",1,1
"2020 IEEE INTL SYMP ON PARALLEL & DISTRIBUTED PROCESSING WITH APPLICATIONS, INTL CONF ON BIG DATA & CLOUD COMPUTING, INTL SYMP SOCIAL COMPUTING & NETWORKING, INTL CONF ON SUSTAINABLE COMPUTING & COMMUNICATIONS (ISPA/BDCLOUD/SOCIALCOM/SUSTAINCOM 2020)",1,1
"2020 International Wireless Communications and Mobile Computing, IWCMC 2020",1,1
"2020 Joint 9th International Conference on Informatics, Electronics and Vision and 2020 4th International Conference on Imaging, Vision and Pattern Recognition, ICIEV and icIVPR 2020",1,1
2021 18TH EUROPEAN RADAR CONFERENCE (EURAD),1,1
"2021 18th European Radar Conference, EuRAD 2021",1,1
"2021 3rd International Academic Exchange Conference on Science and Technology Innovation, IAECST 2021",1,1
"2021 3rd International Symposium on Robotics and Intelligent Manufacturing Technology, ISRIMT 2021",1,1
2021 4TH INTERNATIONAL CONFERENCE ON INTELLIGENT AUTONOMOUS SYSTEMS (ICOIAS 2021),1,1
"2021 7th International Conference on Advanced Computing and Communication Systems, ICACCS 2021",1,1
2021 EUROPEAN CONTROL CONFERENCE (ECC),1,1
"2021 European Control Conference, ECC 2021",1,1
2021 IEEE 15TH INTERNATIONAL CONFERENCE ON SEMANTIC COMPUTING (ICSC 2021),1,1
"2021 IEEE 20TH INTERNATIONAL CONFERENCE ON TRUST, SECURITY AND PRIVACY IN COMPUTING AND COMMUNICATIONS (TRUSTCOM 2021)",1,1
"2021 IEEE International Conference on Artificial Intelligence and Industrial Design, AIID 2021",1,1
2021 IEEE INTERNATIONAL CONFERENCE ON INDUSTRIAL ENGINEERING AND ENGINEERING MANAGEMENT (IEEE IEEM21),1,1
"2021 IEEE International Conference on Industrial Engineering and Engineering Management, IEEM 2021",1,1
"2021 IEEE International Conference on Technology and Entrepreneurship, ICTE 2021",1,1
"2021 IEEE MIT Undergraduate Research Technology Conference, URTC 2021",1,1
2021 IEEE/CVF INTERNATIONAL CONFERENCE ON COMPUTER VISION (ICCV 2021),1,1
"2021 International Conference on Intelligent Technology and Embedded Systems, ICITES 2021",1,1
2021 MACHINE LEARNING-DRIVEN DIGITAL TECHNOLOGIES FOR EDUCATIONAL INNOVATION WORKSHOP,1,1
"2022 11th International Conference on Educational and Information Technology, ICEIT 2022",1,1
2022 IEEE INTERNATIONAL SYMPOSIUM ON HIGH-PERFORMANCE COMPUTER ARCHITECTURE (HPCA 2022),1,1
"2022 IEEE Technology and Engineering Management Conference: Societal Challenges: Technology, Transitions and Resilience Virtual Conference, TEMSCON EUROPE 2022",1,1
"24th European Conference on Information Systems, ECIS 2016",1,1
"26th Americas Conference on Information Systems, AMCIS 2020",1,1
"26th European Conference on Information Systems: Beyond Digitization - Facets of Socio-Technical Change, ECIS 2018",1,1
29TH CIRP DESIGN CONFERENCE 2019,1,1
"2ND INTERNATIONAL CONFERENCE ON EDUCATION, MANAGEMENT AND SYSTEMS ENGINEERING (EMSE 2017)",1,1
"35th AAAI Conference on Artificial Intelligence, AAAI 2021",1,1
3RD ANNUAL INTERNATIONAL CONFERENCE ON MODERN EDUCATION AND SOCIAL SCIENCE (MESS 2017),1,1
"40th International Conference on Information Systems, ICIS 2019",1,1
4TH INTERNATIONAL CONFERENCE ON ADVANCES IN ENERGY RESOURCES AND ENVIRONMENT ENGINEERING,1,1
"4th International Conference on Industrial Economics System and Industrial Security Engineering, IEIS 2017",1,1
4TH WORLD MULTIDISCIPLINARY CIVIL ENGINEERING-ARCHITECTURE-URBAN PLANNING SYMPOSIUM - WMCAUS,1,1
"54th Annual Meeting of the Association for Computational Linguistics, ACL 2016 - Long Papers",1,1
"5TH INTERNATIONAL CONFERENCE ON INFORMATION TECHNOLOGY AND QUANTITATIVE MANAGEMENT, ITQM 2017",1,1
"80th Annual Meeting of the Academy of Management 2020: Understanding the Inclusive Organization, AoM 2020",1,1
8TH INTERNATIONAL CONFERENCE ON INFORMATION TECHNOLOGY AND QUANTITATIVE MANAGEMENT (ITQM 2020 & 2021): DEVELOPING GLOBAL DIGITAL ECONOMY AFTER COVID-19,1,1
"9th International Conference on Information and Communication Technology Convergence: ICT Convergence Powered by Smart Intelligence, ICTC 2018",1,1
9TH INTERNATIONAL SCIENTIFIC SYMPOSIUM REGION ENTREPRENEURSHIP DEVELOPMENT (RED 2020),1,1
A/Z ITU Journal of the Faculty of Architecture,1,1
AAAI 2020 - 34th AAAI Conference on Artificial Intelligence,1,1
ACADEMIA-REVISTA LATINOAMERICANA DE ADMINISTRACION,1,1
Academic medicine : journal of the Association of American Medical Colleges,1,1
Academic Quarter,1,1
Academy of Accounting and Financial Studies Journal,1,1
ACADEMY OF MANAGEMENT ANNALS,1,1
ACADEMY OF MANAGEMENT DISCOVERIES,1,1
ACADEMY OF MANAGEMENT PERSPECTIVES,1,1
ACADEMY OF MANAGEMENT REVIEW,1,1
Academy of Strategic Management Journal,1,1
"Accelerating Space Commerce, Exploration, and New Discovery conference, ASCEND 2021",1,1
ACCIONES E INVESTIGACIONES SOCIALES,1,1
Accounts of Chemical Research,1,1
ACM Journal on Emerging Technologies in Computing Systems,1,1
ACM TRANSACTIONS ON GRAPHICS,1,1
ACM Transactions on Intelligent Systems and Technology,1,1
ACM TRANSACTIONS ON INTERACTIVE INTELLIGENT SYSTEMS,1,1
ACM/IEEE International Conference on Human-Robot Interaction,1,1
ACS CHEMICAL HEALTH & SAFETY,1,1
ACS ES&T WATER,1,1
ACS MATERIALS LETTERS,1,1
ACS SYNTHETIC BIOLOGY,1,1
ACTA BIOMATERIALIA,1,1
ACTA PETROLOGICA SINICA,1,1
ACTION LEARNING,1,1
AD-MINISTER,1,1
ADMINISTRACAO-ENSINO E PESQUISA,1,1
"ADVANCED COMPUTING STRATEGIES FOR ENGINEERING, PT I",1,1
ADVANCED DRUG DELIVERY REVIEWS,1,1
ADVANCED INTELLIGENT SYSTEMS,1,1
ADVANCED SCIENCE LETTERS,1,1
Advances in Agronomy,1,1
"ADVANCES IN ARTIFICIAL LIFE, EVOLUTIONARY COMPUTATION, AND SYSTEMS CHEMISTRY, WIVACE 2016",1,1
Advances in Cognitive Ergonomics,1,1
"ADVANCES IN COMPUTER VISION, VOL 2",1,1
ADVANCES IN DUAL DIAGNOSIS,1,1
ADVANCES IN ERGONOMICS IN DESIGN (AHFE 2017),1,1
Advances in Health Sciences Education,1,1
ADVANCES IN NEURAL INFORMATION PROCESSING SYSTEMS 32 (NIPS 2019),1,1
Advances in Neurodevelopmental Disorders,1,1
"Advances in Science, Technology and Engineering Systems",1,1
ADVANCING RESEARCH IN ENTREPRENEURSHIP IN THE GLOBAL CONTEXT,1,1
AERA OPEN,1,1
AESTHETICS AND STYLE IN STRATEGY,1,1
Africa Journal of Nursing and Midwifery,1,1
AFRICAN JOURNAL OF ECONOMIC AND MANAGEMENT STUDIES,1,1
AFRICAN JOURNAL OF INFORMATION SYSTEMS,1,1
Agriculturally Important Microbes for Sustainable Agriculture,1,1
AGRICULTURE AND HUMAN VALUES,1,1
AGRONOMY-BASEL,1,1
AIAA Aviation 2019 Forum,1,1
AIAA JOURNAL,1,1
AIAA Scitech 2021 Forum,1,1
AIAA/IEEE Digital Avionics Systems Conference - Proceedings,1,1
AIP Conference Proceedings,1,1
AIR QUALITY ATMOSPHERE AND HEALTH,1,1
ALBERTA JOURNAL OF EDUCATIONAL RESEARCH,1,1
ALGORITHMS,1,1
AMCIS 2016 PROCEEDINGS,1,1
AMCIS 2016: Surfing the IT Innovation Wave - 22nd Americas Conference on Information Systems,1,1
AMCIS 2018 PROCEEDINGS,1,1
AMCIS 2020 PROCEEDINGS,1,1
AMERICAN BEHAVIORAL SCIENTIST,1,1
AMERICAN JOURNAL OF BUSINESS,1,1
"Americas Conference on Information Systems 2018: Digital Disruption, AMCIS 2018",1,1
AMFITEATRU ECONOMIC,1,1
"AM-FPD 2017 - 24th International Workshop on Active-Matrix Flatpanel Displays and Devices: TFT Technologies and FPD Materials, Proceedings",1,1
Analisi,1,1
ANALISI-QUADERNS DE COMUNICACIO I CULTURA,1,1
ANIMALS,1,1
ANNALS OF BIOMEDICAL ENGINEERING,1,1
ANNALS OF PUBLIC AND COOPERATIVE ECONOMICS,1,1
ANNUAL OF THE BRITISH SCHOOL AT ATHENS,1,1
Anthropology and Medicine,1,1
APPLICATIONS OF MATHEMATICS IN ENGINEERING AND ECONOMICS (AMEE20),1,1
Applied Artificial Intelligence,1,1
Applied Ergonomics,1,1
APPLIED INTELLIGENCE,1,1
APPLIED PHYSICS REVIEWS,1,1
APPLIED PSYCHOLOGY-AN INTERNATIONAL REVIEW-PSYCHOLOGIE APPLIQUEE-REVUE INTERNATIONALE,1,1
APPLIED SOFT COMPUTING,1,1
Applied Soft Computing Journal,1,1
ARAB WORLD ENGLISH JOURNAL,1,1
"ARCHITECTURAL RESEARCH ADDRESSING SOCIETAL CHALLENGES, VOLS 1 AND 2",1,1
ARTE Y POLITICAS DE IDENTIDAD,1,1
ARTIFICIAL INTELLIGENCE,1,1
Artificial Intelligence and Intellectual Property,1,1
ARTIFICIAL INTELLIGENCE AND MACHINE LEARNING FOR MULTI-DOMAIN OPERATIONS APPLICATIONS,1,1
"ARTIFICIAL INTELLIGENCE IN EDUCATION, AIED 2019, PT II",1,1
ARTIFICIAL INTELLIGENCE REVIEW,1,1
Asian EFL Journal,1,1
ASIAN JOURNAL OF LAW AND SOCIETY,1,1
ASIAN JOURNAL OF ORGANIC CHEMISTRY,1,1
Asia-Pacific Science Education,1,1
Assessment Centres and Global Talent Management,1,1
ASTRONOMY & ASTROPHYSICS,1,1
ATMOSPHERIC POLLUTION RESEARCH,1,1
ATMOSPHERIC RESEARCH,1,1
AUSTRALIAN JOURNAL OF MANAGEMENT,1,1
AUSTRALIAN JOURNAL OF MECHANICAL ENGINEERING,1,1
Australian Journal of Rural Health,1,1
AUTOMATION IN CONSTRUCTION,1,1
Autonomous Robots,1,1
BALTIC JOURNAL OF ECONOMIC STUDIES,1,1
BEHAVIORAL ECOLOGY AND SOCIOBIOLOGY,1,1
BEHAVIOUR & INFORMATION TECHNOLOGY,1,1
BIG DATA RESEARCH,1,1
BIOCHEMICAL SOCIETY TRANSACTIONS,1,1
BIOINFORMATICS,1,1
"BIOINFORMATICS AND BIOMEDICAL ENGINEERING (IWBBIO 2019), PT II",1,1
BIOINSPIRATION & BIOMIMETICS,1,1
Biotechnology and Bioengineering,1,1
"Blended Learning: Concepts, Methodologies, Tools, and Applications",1,1
Blockchain and Machine Learning for e-Healthcare Systems,1,1
BMC Evolutionary Biology,1,1
BMC Medical Research Methodology,1,1
BMC Palliative Care,1,1
BMC Public Health,1,1
BMJ Open,1,1
BMJ Simulation and Technology Enhanced Learning,1,1
"BMJ Surgery, Interventions, and Health Technologies",1,1
"Body, Space and Technology",1,1
Boletin Tecnico/Technical Bulletin,1,1
BRAZILIAN ARCHIVES OF BIOLOGY AND TECHNOLOGY,1,1
BRAZILIAN JOURNAL OF OPERATIONS & PRODUCTION MANAGEMENT,1,1
BRITISH EDUCATIONAL RESEARCH JOURNAL,1,1
British Journal of Occupational Therapy,1,1
BRITISH JOURNAL OF SOCIOLOGY OF EDUCATION,1,1
Building Simulation Conference Proceedings,1,1
BuildSys 2021 - Proceedings of the 2021 ACM International Conference on Systems for Energy-Efficient Built Environments,1,1
Bulletin of Chinese Academy of Sciences,1,1
Bulletin of Electrical Engineering and Informatics,1,1
BUSINESS & SOCIETY,1,1
BUSINESS HORIZONS,1,1
BUSINESS MANAGEMENT THEORIES AND PRACTICES IN A DYNAMIC COMPETITIVE ENVIRONMENT,1,1
BUSINESS STRATEGY AND DEVELOPMENT,1,1
C and C 2019 - Proceedings of the 2019 Creativity and Cognition,1,1
"CAADRIA 2016, 21st International Conference on Computer-Aided Architectural Design Research in Asia - Living Systems and Micro-Utopias: Towards Continuous Designing",1,1
"CAADRIA 2017 - 22nd International Conference on Computer-Aided Architectural Design Research in Asia: Protocols, Flows and Glitches",1,1
CAHIERS AGRICULTURES,1,1
CALICO JOURNAL,1,1
"Cambridge Journal of Regions, Economy and Society",1,1
CANADIAN JOURNAL OF NONPROFIT AND SOCIAL ECONOMY RESEARCH,1,1
Cancer Drug Discovery and Development,1,1
CANCER LETTERS,1,1
CAREER DEVELOPMENT INTERNATIONAL,1,1
CCF Transactions on Pervasive Computing and Interaction,1,1
Cell Reports Physical Science,1,1
Cell Systems,1,1
CEMENT AND CONCRETE RESEARCH,1,1
"Challenges for Technology Innovation: An Agenda for the Future - Proceedings of the International Conference on Sustainable Smart Manufacturing, S2M 2016",1,1
CHALLENGES IN SUSTAINABILITY,1,1
"CHALLENGES OF THE DIGITAL TRANSFORMATION IN EDUCATION, ICL2018, VOL 1",1,1
CHAOS,1,1
"Chaos, Solitons and Fractals",1,1
CHEMICAL BIOLOGY & DRUG DESIGN,1,1
CHEMICAL RESEARCH IN TOXICOLOGY,1,1
CHEMICAL REVIEWS,1,1
CHEMICAL SCIENCE,1,1
Chemosphere,1,1
CHI 2018: EXTENDED ABSTRACTS OF THE 2018 CHI CONFERENCE ON HUMAN FACTORS IN COMPUTING SYSTEMS,1,1
CHI PLAY'17: PROCEEDINGS OF THE ANNUAL SYMPOSIUM ON COMPUTER-HUMAN INTERACTION IN PLAY,1,1
CHINA COMMUNICATIONS,1,1
China's Quest for Innovation: Institutions and Ecosystems,1,1
Chinese Education and Society,1,1
Chinese Geographical Science,1,1
CHINESE JOURNAL OF CHEMISTRY,1,1
Chinese Medical Ethics,1,1
CHINESE PHYSICS LETTERS,1,1
CHINESE POLITICAL SCIENCE REVIEW,1,1
CHINESE SCIENCE BULLETIN-CHINESE,1,1
Chinese Traditional and Herbal Drugs,1,1
CITIES,1,1
Climate Change Management,1,1
CLINICAL THERAPEUTICS,1,1
Cluster Computing,1,1
CMC-COMPUTERS MATERIALS & CONTINUA,1,1
CMES - Computer Modeling in Engineering and Sciences,1,1
COGENT EDUCATION,1,1
COGENT FOOD & AGRICULTURE,1,1
Cognitive Research: Principles and Implications,1,1
COLUMBIA JOURNAL OF LAW AND SOCIAL PROBLEMS,1,1
COMMUNICATION MONOGRAPHS,1,1
Computational Biology and Chemistry,1,1
Computer Applications in Engineering Education,1,1
Computer Communications,1,1
COMPUTER LAW & SECURITY REVIEW,1,1
Computer Methods in Applied Mechanics and Engineering,1,1
COMPUTER-AIDED ARCHITECTURAL DESIGN: DESIGN IMPERATIVES: THE FUTURE IS NOW,1,1
COMPUTERS,1,1
Computers and Industrial Engineering,1,1
Computers in Biology and Medicine,1,1
Computing in Science and Engineering,1,1
Comunicacoes Geologicas,1,1
COMUNICAR,1,1
CONFERENCE COMPANION PUBLICATION OF THE 2019 COMPUTER SUPPORTED COOPERATIVE WORK AND SOCIAL COMPUTING (CSCW'19 COMPANION),1,1
"Conference Proceedings of the 7th International Symposium on Project Management, ISPM 2019",1,1
"CONFERENCE RECORD OF THE 2019 FIFTY-THIRD ASILOMAR CONFERENCE ON SIGNALS, SYSTEMS & COMPUTERS",1,1
"Congress on Computing in Civil Engineering, Proceedings",1,1
Construction Innovation,1,1
CONSTRUCTION INNOVATION-ENGLAND,1,1
CONSTRUCTION RESEARCH CONGRESS 2020: COMPUTER APPLICATIONS,1,1
Construction Research Congress 2020: Computer Applications - Selected Papers from the Construction Research Congress 2020,1,1
Contemporary Educational Technology,1,1
CONTEMPORARY EUROPE-SOVREMENNAYA EVROPA,1,1
Contributions to Management Science,1,1
CORPORATE SOCIAL RESPONSIBILITY AND ENVIRONMENTAL MANAGEMENT,1,1
CRAFT RESEARCH,1,1
CRITICAL PERSPECTIVES ON INTERNATIONAL BUSINESS,1,1
"Critical Studies on Corporate Responsibility, Governance and Sustainability",1,1
Crowdfunding and Sustainable Urban Development in Emerging Economies,1,1
CRYSTALS,1,1
CSEDU 2018 - Proceedings of the 10th International Conference on Computer Supported Education,1,1
CSEDU: PROCEEDINGS OF THE 10TH INTERNATIONAL CONFERENCE ON COMPUTER SUPPORTED EDUCATION - VOL 1,1,1
Cuadernos de Prehistoria y Arqueologia de la Universidad de Granada,1,1
CURRENT OPINION IN NEUROBIOLOGY,1,1
CURRICULUM JOURNAL,1,1
DATA BASE FOR ADVANCES IN INFORMATION SYSTEMS,1,1
Data Science Journal,1,1
DECISION SCIENCES,1,1
Deep Neural Network Design for Radar Applications,1,1
DESIGN COMPUTING AND COGNITION '16,1,1
Designing Adaptive and Personalized Learning Environments,1,1
Designing for the Circular Economy,1,1
Designs,1,1
"Developing Engaged and Entrepreneurial Universities: Theories, Concepts and Empirical Findings",1,1
DEVELOPMENT POLICY REVIEW,1,1
Developmental Review,1,1
"Digital Badges in Education: Trends, Issues, and Cases",1,1
Digital Biomarkers,1,1
DIGITAL SIGNAL PROCESSING,1,1
DIS '19 COMPANION: COMPANION PUBLICATION OF THE 2019 ACM DESIGNING INTERACTIVE SYSTEMS CONFERENCE,1,1
DIS 2017 - Proceedings of the 2017 ACM Conference on Designing Interactive Systems,1,1
DIS 2019 Companion - Companion Publication of the 2019 ACM Designing Interactive Systems Conference,1,1
DISASTER PREVENTION AND MANAGEMENT,1,1
DISCOVERY AND INNOVATION OF COMPUTER SCIENCE TECHNOLOGY IN ARTIFICIAL INTELLIGENCE ERA,1,1
DRUG DISCOVERY TODAY,1,1
DRUG METABOLISM AND DISPOSITION,1,1
"DS87-2 PROCEEDINGS OF THE 21ST INTERNATIONAL CONFERENCE ON ENGINEERING DESIGN (ICED 17), VOL 2: DESIGN PROCESSES, DESIGN ORGANISATION AND MANAGEMENT",1,1
DYNA,1,1
Dyna (Spain),1,1
DYNAMICS IN LOGISTICS,1,1
Earth Observation for Flood Applications: Progress and Perspectives,1,1
Earth's Future,1,1
EARTH-SCIENCE REVIEWS,1,1
"ECAADE SIGRADI 2019: ARCHITECTURE IN THE AGE OF THE 4TH INDUSTRIAL REVOLUTION, VOL 1",1,1
Eceee Industrial Summer Study Proceedings,1,1
Ecology and Society,1,1
ECONOMETRIC THEORY,1,1
Economic and Environmental Geology,1,1
ECONOMIC CHANGE AND RESTRUCTURING,1,1
Economic Complexity and Evolution,1,1
Ecosystems and People,1,1
Education in the Asia-Pacific Region,1,1
EDUCATION RESEARCH INTERNATIONAL,1,1
Educational Research and Evaluation,1,1
EDUCATIONAL RESEARCH FOR POLICY AND PRACTICE,1,1
EDUCATIONAL TECHNOLOGY & SOCIETY,1,1
Educational Technology and Society,1,1
eIoT: The Development of the Energy Internet of Things in Energy Infrastructure,1,1
EKOLOJI,1,1
ELECTRONIC GOVERNMENT (EGOV 2020),1,1
ELECTRONIC MARKETS,1,1
Electronics (Switzerland),1,1
Emerald Emerging Markets Case Studies,1,1
EMERGENCE-COMPLEXITY & ORGANIZATION,1,1
Emerging Science Journal,1,1
EMERGING TOPICS IN LIFE SCIENCES,1,1
"EMNLP 2021 - 2021 Conference on Empirical Methods in Natural Language Processing, Proceedings",1,1
ENERGY AND BUILDINGS,1,1
ENEURO,1,1
Engineering Applications of Artificial Intelligence,1,1
ENGINEERING MANAGEMENT JOURNAL,1,1
Engineering Optimization,1,1
ENTERTAINMENT COMPUTING,1,1
ENTREPRENEURIAL BUSINESS AND ECONOMICS REVIEW,1,1
ENTREPRENEURSHIP AND SUSTAINABILITY ISSUES,1,1
"ENTREPRENEURSHIP, INNOVATION, AND PLATFORMS",1,1
ENVIRONMENT AND PLANNING C-POLITICS AND SPACE,1,1
Environmental Engineering and Management Journal,1,1
Environmental Pollution,1,1
ENVIRONMENTAL PROGRESS & SUSTAINABLE ENERGY,1,1
EPiC Series in Computing,1,1
Estudios Pedagogicos,1,1
ETR&D-EDUCATIONAL TECHNOLOGY RESEARCH AND DEVELOPMENT,1,1
ETRI JOURNAL,1,1
EURASIA JOURNAL OF MATHEMATICS SCIENCE AND TECHNOLOGY EDUCATION,1,1
EURASIP JOURNAL ON WIRELESS COMMUNICATIONS AND NETWORKING,1,1
EUROPEAN EARLY CHILDHOOD EDUCATION RESEARCH JOURNAL,1,1
EUROPEAN EDUCATIONAL RESEARCH JOURNAL,1,1
European Journal of Dental Education,1,1
EUROPEAN JOURNAL OF FUTURES RESEARCH,1,1
EUROPEAN JOURNAL OF HEALTH ECONOMICS,1,1
EUROPEAN JOURNAL OF INFORMATION SYSTEMS,1,1
EUROPEAN JOURNAL OF INTERNATIONAL MANAGEMENT,1,1
EUROPEAN JOURNAL OF TRAINING AND DEVELOPMENT,1,1
EUROPEAN MANAGEMENT REVIEW,1,1
EUROPEAN PUBLIC LAW,1,1
European Research Studies Journal,1,1
EUROPEAN REVIEW OF APPLIED PSYCHOLOGY-REVUE EUROPEENNE DE PSYCHOLOGIE APPLIQUEE,1,1
EUROPEAN SPATIAL RESEARCH AND POLICY,1,1
EVALUATION,1,1
EVENT MANAGEMENT,1,1
Evidence-based HRM,1,1
EXPERT SYSTEMS,1,1
EXTRACTIVE INDUSTRIES AND SOCIETY-AN INTERNATIONAL JOURNAL,1,1
FACETS,1,1
FIIB Business Review,1,1
FISH AND FISHERIES,1,1
FOOD QUALITY AND PREFERENCE,1,1
FRONTIERS IN BLOCKCHAIN,1,1
Frontiers in Immunology,1,1
FRONTIERS IN NEUROSCIENCE,1,1
Frontiers in Oncology,1,1
FRONTIERS IN PUBLIC HEALTH,1,1
FRONTIERS IN WATER,1,1
Frontiers of Architectural Research,1,1
Frontiers of Information Technology and Electronic Engineering,1,1
FUTURE ACADEMY MULTIDISCIPLINARY CONFERENCE ICEEPSY & CPSYC & ICPSIRS & BE-CI,1,1
GADJAH MADA INTERNATIONAL JOURNAL OF BUSINESS,1,1
GCPMED 2018 - INTERNATIONAL SCIENTIFIC CONFERENCE GLOBAL CHALLENGES AND PROSPECTS OF THE MODERN ECONOMIC DEVELOPMENT,1,1
"Geografiska Annaler, Series B: Human Geography",1,1
Geographie Economie Societe,1,1
GEORISK-ASSESSMENT AND MANAGEMENT OF RISK FOR ENGINEERED SYSTEMS AND GEOHAZARDS,1,1
GEOSCIENCE FRONTIERS,1,1
"GEOTECHNICAL FRONTIERS 2017: GEOTECHNICAL MATERIALS, MODELING, AND TESTING",1,1
Geotechnical Special Publication,1,1
Gestao e Producao,1,1
Global Business and Economics Review,1,1
GLOBAL BUSINESS REVIEW,1,1
GLOBAL KNOWLEDGE MEMORY AND COMMUNICATION,1,1
"Global Knowledge, Memory and Communication",1,1
GLOBAL STRATEGY JOURNAL,1,1
Glossa,1,1
GLOSSA-A JOURNAL OF GENERAL LINGUISTICS,1,1
GOODTECHS '18: PROCEEDINGS OF THE 4TH EAI INTERNATIONAL CONFERENCE ON SMART OBJECTS AND TECHNOLOGIES FOR SOCIAL GOOD (GOODTECHS),1,1
GREEN CHEMISTRY,1,1
Green Energy and Technology,1,1
GROWTH AND CHANGE,1,1
HABITAT INTERNATIONAL,1,1
HALFWAY TO THE FUTURE SYMPOSIUM (HTTF 2019),1,1
Handbook of Environmental Chemistry,1,1
"Handbook of Financial Econometrics, Mathematics, Statistics, and Machine Learning (In 4 Volumes)",1,1
Handbook of Research on Knowledge and Organization Systems in Library and Information Science,1,1
Handbook of Universities and Regional Development,1,1
Hangkong Xuebao/Acta Aeronautica et Astronautica Sinica,1,1
Harbin Gongcheng Daxue Xuebao/Journal of Harbin Engineering University,1,1
"Harnessing the Power of Collective Learning: Feedback, Accountability and Constituent Voice in Rural Development",1,1
"HCI INTERNATIONAL 2016 - POSTERS' EXTENDED ABSTRACTS, PT I",1,1
"HCI INTERNATIONAL 2021 - LATE BREAKING POSTERS, HCII 2021, PT I",1,1
Health Informatics Journal,1,1
Health Policy,1,1
Health Systems,1,1
Higher Education in Nepal: Policies and Perspectives,1,1
Higher Education in the Gulf: Quality Drivers,1,1
Higher Education Research and Development,1,1
HIGHER EDUCATION SKILLS AND WORK-BASED LEARNING,1,1
HUMAN RELATIONS,1,1
HUMAN RESOURCE MANAGEMENT JOURNAL,1,1
Human Resources for Health,1,1
HUMAN-CENTRIC COMPUTING AND INFORMATION SCIENCES,1,1
"HUMAN-COMPUTER INTERACTION, INTERACT 2021, PT V",1,1
Humanistic Management Journal,1,1
Hupo Kexue/Journal of Lake Sciences,1,1
HYDROLOGICAL PROCESSES,1,1
"IABSE Symposium, Nantes 2018: Tomorrow's Megastructures",1,1
IASS 60TH ANNIVERSARY SYMPOSIUM (IASS SYMPOSIUM 2019) - 9TH INTERNATIONAL CONFERENCE ON TEXTILE COMPOSITES AND INFLATABLE STRUCTURES (STRUCTURAL MEMBRANES 2019),1,1
"IASS Symposium 2019 - 60th Anniversary Symposium of the International Association for Shell and Spatial Structures; Structural Membranes 2019 - 9th International Conference on Textile Composites and Inflatable Structures, FORM and FORCE",1,1
"IC3K 2016 - Proceedings of the 8th International Joint Conference on Knowledge Discovery, Knowledge Engineering and Knowledge Management",1,1
"ICASSP, IEEE International Conference on Acoustics, Speech and Signal Processing - Proceedings",1,1
"ICCE 2019 - 27th International Conference on Computers in Education, Proceedings",1,1
ICCREM 2017: Project Management and Construction Technology - Proceedings of the International Conference on Construction and Real Estate Management 2017,1,1
ICCSE 2021 - IEEE 16th International Conference on Computer Science and Education,1,1
ICER 2021: PROCEEDINGS OF THE 17TH ACM CONFERENCE ON INTERNATIONAL COMPUTING EDUCATION RESEARCH,1,1
"ICETA 2016 - 14th IEEE International Conference on Emerging eLearning Technologies and Applications, Proceedings",1,1
"ICSIT 2017 - 8th International Conference on Society and Information Technologies, Proceedings",1,1
IDC '21: PROCEEDINGS OF INTERACTION DESIGN AND CHILDREN 2021,1,1
IEEE 5TH INTERNATIONAL SYMPOSIUM ON EMERGING TRENDS AND TECHNOLOGIES IN LIBRARIES AND INFORMATION SERVICES (ETTLIS 2018),1,1
"IEEE 5th International Symposium on Emerging Trends and Technologies in Libraries and Information Services, ETTLIS 2018",1,1
IEEE COMMUNICATIONS MAGAZINE,1,1
IEEE CONFERENCE ON COMPUTER COMMUNICATIONS (IEEE INFOCOM 2019),1,1
IEEE CONSUMER ELECTRONICS MAGAZINE,1,1
IEEE GEOSCIENCE AND REMOTE SENSING LETTERS,1,1
"IEEE International Conference on Development and Learning, ICDL 2021",1,1
IEEE International Conference on Intelligent Robots and Systems,1,1
IEEE JOURNAL OF PHOTOVOLTAICS,1,1
IEEE Journal of Selected Topics in Applied Earth Observations and Remote Sensing,1,1
IEEE MTT-S International Microwave Symposium Digest,1,1
IEEE Signal Processing Magazine,1,1
IEEE TRANSACTIONS ON AUTOMATION SCIENCE AND ENGINEERING,1,1
IEEE TRANSACTIONS ON BIOMEDICAL CIRCUITS AND SYSTEMS,1,1
IEEE TRANSACTIONS ON COGNITIVE AND DEVELOPMENTAL SYSTEMS,1,1
IEEE Transactions on Computer-Aided Design of Integrated Circuits and Systems,1,1
IEEE Transactions on Consumer Electronics,1,1
IEEE TRANSACTIONS ON CONTROL SYSTEMS TECHNOLOGY,1,1
IEEE Transactions on Fuzzy Systems,1,1
IEEE TRANSACTIONS ON HAPTICS,1,1
IEEE TRANSACTIONS ON IMAGE PROCESSING,1,1
IEEE TRANSACTIONS ON MICROWAVE THEORY AND TECHNIQUES,1,1
IEEE Transactions on Mobile Computing,1,1
IEEE Transactions on Pattern Analysis and Machine Intelligence,1,1
IEEE WIRELESS COMMUNICATIONS,1,1
IEEE-ACM TRANSACTIONS ON COMPUTATIONAL BIOLOGY AND BIOINFORMATICS,1,1
IEEE-CAA JOURNAL OF AUTOMATICA SINICA,1,1
IEICE NONLINEAR THEORY AND ITS APPLICATIONS,1,1
IET WIRELESS SENSOR SYSTEMS,1,1
IFAC PAPERSONLINE,1,1
IHIP 2018: 2018 INTERNATIONAL CONFERENCE ON INFORMATION HIDING AND IMAGE PROCESSING,1,1
"IMCIC 2021 - 12th International Multi-Conference on Complexity, Informatics and Cybernetics, Proceedings",1,1
IMMUNOGENETICS,1,1
Indian Journal of Palliative Care,1,1
Indian Journal of Social Work,1,1
Individual Behaviors and Technologies for Financial Innovations,1,1
Industria,1,1
INDUSTRIAL & ENGINEERING CHEMISTRY RESEARCH,1,1
Industrial and Engineering Chemistry Research,1,1
INDUSTRIAL ROBOT-THE INTERNATIONAL JOURNAL OF ROBOTICS RESEARCH AND APPLICATION,1,1
Infant Mental Health Journal,1,1
INFORMATICS FOR HEALTH & SOCIAL CARE,1,1
INFORMATION & MANAGEMENT,1,1
INFORMATION AND ORGANIZATION,1,1
INFORMATION DEVELOPMENT,1,1
INFORMATION DISCOVERY AND DELIVERY,1,1
INFORMATION PROCESSING & MANAGEMENT,1,1
Information Resources Management Journal,1,1
"Information Retrieval and Management: Concepts, Methodologies, Tools, and Applications",1,1
INFORMATION SYSTEMS JOURNAL,1,1
INFORMATION SYSTEMS RESEARCH,1,1
Information Technology and People,1,1
INFRASTRUCTURES,1,1
INJURY-INTERNATIONAL JOURNAL OF THE CARE OF THE INJURED,1,1
Innovation Drivers and Regional Innovation Strategies,1,1
Innovation in the Asia Pacific: From Manufacturing to the Knowledge Economy,1,1
"INNOVATION THROUGH INFORMATION SYSTEMS, VOL III: A COLLECTION OF LATEST RESEARCH ON MANAGEMENT ISSUES",1,1
"INNOVATION, ENTREPRENEURSHIP AND DIGITAL ECOSYSTEMS",1,1
INNOVATION-DRIVEN CAPABILITY BUILDING AND INDUSTRY DEVELOPMENT (ISMOT'16),1,1
INNOVATIONS IN BIO-INSPIRED COMPUTING AND APPLICATIONS,1,1
INNOVATION-THE EUROPEAN JOURNAL OF SOCIAL SCIENCE RESEARCH,1,1
"Innovative Approaches in Drug Discovery: Ethnopharmacology, Systems Biology and Holistic Targeting",1,1
INNOVATIVE FOOD SCIENCE & EMERGING TECHNOLOGIES,1,1
INTANGIBLE CAPITAL,1,1
"INTED2016: 10TH INTERNATIONAL TECHNOLOGY, EDUCATION AND DEVELOPMENT CONFERENCE",1,1
"INTED2017: 11TH INTERNATIONAL TECHNOLOGY, EDUCATION AND DEVELOPMENT CONFERENCE",1,1
INTEGRATED ENVIRONMENTAL ASSESSMENT AND MANAGEMENT,1,1
INTEGRATING MATERIALS AND MANUFACTURING INNOVATION,1,1
INTEGRATIVE AND COMPARATIVE BIOLOGY,1,1
Intellectual Capital Management as a Driver of Sustainability: Perspectives for Organizations and Society,1,1
Intelligent Service Robotics,1,1
INTELLIGENT TUTORING SYSTEMS (ITS 2020),1,1
International Business Management,1,1
INTERNATIONAL CONFERENCE ON ADVANCED MACHINE LEARNING TECHNOLOGIES AND APPLICATIONS (AMLTA2018),1,1
"International Conference on Information Systems 2018, ICIS 2018",1,1
"International Conference on Information Systems, ICIS 2020 - Making Digital Inclusive: Blending the Local and the Global",1,1
"International Environmental Agreements: Politics, Law and Economics",1,1
INTERNATIONAL GAMBLING STUDIES,1,1
International Journal for Court Administration,1,1
International Journal of Accounting Information Systems,1,1
International Journal of Advanced Science and Technology,1,1
International Journal of Applied Decision Sciences,1,1
INTERNATIONAL JOURNAL OF APPLIED EXERCISE PHYSIOLOGY,1,1
International Journal of Automotive Technology and Management,1,1
INTERNATIONAL JOURNAL OF BIOPRINTING,1,1
International Journal of Building Pathology and Adaptation,1,1
INTERNATIONAL JOURNAL OF BUSINESS ENVIRONMENT,1,1
International Journal of Child-Computer Interaction,1,1
INTERNATIONAL JOURNAL OF COMPUTER INTEGRATED MANUFACTURING,1,1
International Journal of Computers and their Applications,1,1
International Journal of Contemporary Hospitality Management,1,1
International Journal of Data and Network Science,1,1
INTERNATIONAL JOURNAL OF DESIGN,1,1
INTERNATIONAL JOURNAL OF DISASTER RESILIENCE IN THE BUILT ENVIRONMENT,1,1
INTERNATIONAL JOURNAL OF DISASTER RISK REDUCTION,1,1
INTERNATIONAL JOURNAL OF E-BUSINESS RESEARCH,1,1
INTERNATIONAL JOURNAL OF EDUCATIONAL LEADERSHIP AND MANAGEMENT,1,1
INTERNATIONAL JOURNAL OF EMERGING TECHNOLOGIES IN LEARNING,1,1
International Journal of Engineering and Advanced Technology,1,1
INTERNATIONAL JOURNAL OF ENGINEERING PEDAGOGY,1,1
International Journal of Enterprise Network Management,1,1
International Journal of Entrepreneurial Behaviour and Research,1,1
International Journal of Food Studies,1,1
International Journal of Globalisation and Small Business,1,1
International Journal of Health Geographics,1,1
International Journal of Health Policy and Management,1,1
INTERNATIONAL JOURNAL OF HOSPITALITY & TOURISM ADMINISTRATION,1,1
INTERNATIONAL JOURNAL OF HOSPITALITY MANAGEMENT,1,1
International Journal of Human Resources Development and Management,1,1
INTERNATIONAL JOURNAL OF HUMAN-COMPUTER INTERACTION,1,1
INTERNATIONAL JOURNAL OF HUMAN-COMPUTER STUDIES,1,1
International Journal of Humanoid Robotics,1,1
INTERNATIONAL JOURNAL OF INDIAN CULTURE AND BUSINESS MANAGEMENT,1,1
INTERNATIONAL JOURNAL OF INFORMATION AND LEARNING TECHNOLOGY,1,1
International Journal of Information and Management Sciences,1,1
International Journal of Information Systems and Change Management,1,1
INTERNATIONAL JOURNAL OF INFORMATION TECHNOLOGY & DECISION MAKING,1,1
INTERNATIONAL JOURNAL OF INNOVATION AND SUSTAINABLE DEVELOPMENT,1,1
INTERNATIONAL JOURNAL OF INTELLIGENT SYSTEMS,1,1
International Journal of Interactive Mobile Technologies,1,1
INTERNATIONAL JOURNAL OF ISLAMIC AND MIDDLE EASTERN FINANCE AND MANAGEMENT,1,1
INTERNATIONAL JOURNAL OF LANGUAGE & COMMUNICATION DISORDERS,1,1
International Journal of Language and Communication Disorders,1,1
INTERNATIONAL JOURNAL OF MACHINE LEARNING AND CYBERNETICS,1,1
International Journal of Management in Education,1,1
INTERNATIONAL JOURNAL OF MECHANICAL SCIENCES,1,1
International Journal of Networking and Virtual Organisations,1,1
International Journal of Organization Theory and Behavior,1,1
INTERNATIONAL JOURNAL OF PARALLEL EMERGENT AND DISTRIBUTED SYSTEMS,1,1
"International Journal of Parallel, Emergent and Distributed Systems",1,1
INTERNATIONAL JOURNAL OF PATTERN RECOGNITION AND ARTIFICIAL INTELLIGENCE,1,1
INTERNATIONAL JOURNAL OF PHARMACEUTICAL AND HEALTHCARE MARKETING,1,1
INTERNATIONAL JOURNAL OF PHYSICAL DISTRIBUTION & LOGISTICS MANAGEMENT,1,1
International Journal of Physical Distribution and Logistics Management,1,1
International Journal of Productivity and Quality Management,1,1
International Journal of Recent Technology and Engineering,1,1
INTERNATIONAL JOURNAL OF RETAIL & DISTRIBUTION MANAGEMENT,1,1
International Journal of Retail and Distribution Management,1,1
"International Journal of Simulation: Systems, Science and Technology",1,1
International Journal of Smart Engineering System Design,1,1
International Journal of Speech-Language Pathology,1,1
International Journal of STEM Education,1,1
INTERNATIONAL JOURNAL OF STRATEGIC PROPERTY MANAGEMENT,1,1
International Journal of Technology Management and Sustainable Development,1,1
"International Journal of Technology, Policy and Management",1,1
INTERNATIONAL JOURNAL ON DOCUMENT ANALYSIS AND RECOGNITION,1,1
International Journal on Food System Dynamics,1,1
International Journal on Interactive Design and Manufacturing,1,1
International Perspectives on Education and Society,1,1
INTERNATIONAL REVIEW OF ADMINISTRATIVE SCIENCES,1,1
International Review of Management and Marketing,1,1
INTERNATIONAL REVIEW OF RESEARCH IN OPEN AND DISTRIBUTED LEARNING,1,1
INTERNATIONAL SYMPOSIUM 2018 - RESEARCH AND PRACTICE OF HIGHER EDUCATION THEORY,1,1
International Symposium on Project Approaches in Engineering Education,1,1
INVESTIGACION EN EDUCACION MATEMATICA XXII,1,1
INVESTIGACIONES REGIONALES,1,1
IOP Conference Series: Earth and Environmental Science,1,1
IOP Conference Series: Materials Science and Engineering,1,1
IRISH EDUCATIONAL STUDIES,1,1
ISCIENCE,1,1
ISPCE-CN 2020 - IEEE International Symposium on Product Compliance Engineering-Asia 2020,1,1
ISPRS INTERNATIONAL JOURNAL OF GEO-INFORMATION,1,1
Jamba: Journal of Disaster Risk Studies,1,1
JAMBA-JOURNAL OF DISASTER RISK STUDIES,1,1
Japanese Journal of Applied Physics,1,1
JASSS,1,1
JASSS-THE JOURNAL OF ARTIFICIAL SOCIETIES AND SOCIAL SIMULATION,1,1
"Jisuanji Jicheng Zhizao Xitong/Computer Integrated Manufacturing Systems, CIMS",1,1
Jisuanji Xuebao/Chinese Journal of Computers,1,1
Jixie Gongcheng Xuebao/Journal of Mechanical Engineering,1,1
JMIR Human Factors,1,1
JMIR Medical Education,1,1
JMIR Research Protocols,1,1
JMM-INTERNATIONAL JOURNAL ON MEDIA MANAGEMENT,1,1
JOURNAL OF ACADEMIC LIBRARIANSHIP,1,1
Journal of Advances in Management Research,1,1
JOURNAL OF AGRICULTURAL AND FOOD CHEMISTRY,1,1
Journal of Alloys and Compounds,1,1
Journal of Ambient Intelligence and Humanized Computing,1,1
JOURNAL OF ANTHROPOLOGICAL ARCHAEOLOGY,1,1
JOURNAL OF APPLIED BEHAVIORAL SCIENCE,1,1
Journal of Applied Biology and Biotechnology,1,1
JOURNAL OF APPLIED TOXICOLOGY,1,1
JOURNAL OF ARCHAEOLOGICAL METHOD AND THEORY,1,1
JOURNAL OF ARCHITECTURAL ENGINEERING,1,1
JOURNAL OF ASIA BUSINESS STUDIES,1,1
JOURNAL OF BALTIC SCIENCE EDUCATION,1,1
JOURNAL OF BIOLOGICAL PHYSICS,1,1
Journal of Biomedical Informatics,1,1
Journal of Building Pathology and Rehabilitation,1,1
JOURNAL OF BUSINESS AND PSYCHOLOGY,1,1
Journal of Business Economics and Management,1,1
JOURNAL OF CHANGE MANAGEMENT,1,1
JOURNAL OF CHEMICAL THEORY AND COMPUTATION,1,1
JOURNAL OF CHINESE SOCIOLOGY,1,1
JOURNAL OF CIVIL ENGINEERING EDUCATION,1,1
Journal of Commercial Biotechnology,1,1
Journal of Communication Disorders,1,1
JOURNAL OF COMPARATIVE PHYSIOLOGY B-BIOCHEMICAL SYSTEMS AND ENVIRONMENTAL PHYSIOLOGY,1,1
JOURNAL OF COMPUTER ASSISTED LEARNING,1,1
JOURNAL OF COMPUTER INFORMATION SYSTEMS,1,1
JOURNAL OF COMPUTER SCIENCE AND TECHNOLOGY,1,1
JOURNAL OF CONSUMER MARKETING,1,1
JOURNAL OF DEFENSE MODELING AND SIMULATION-APPLICATIONS METHODOLOGY TECHNOLOGY-JDMS,1,1
Journal of Digital Landscape Architecture,1,1
JOURNAL OF ECONOMIC AND ADMINISTRATIVE SCIENCES,1,1
Journal of Economic Geography,1,1
"Journal of Economics, Finance and Administrative Science",1,1
Journal of Educational and Social Research,1,1
JOURNAL OF EDUCATIONAL COMPUTING RESEARCH,1,1
Journal of Energy Storage,1,1
JOURNAL OF ENGINEERING AND TECHNOLOGY MANAGEMENT,1,1
JOURNAL OF ENGINEERING EDUCATION,1,1
JOURNAL OF ENTERPRISING COMMUNITIES-PEOPLE AND PLACES IN THE GLOBAL ECONOMY,1,1
JOURNAL OF ENTREPRENEURSHIP MANAGEMENT AND INNOVATION,1,1
JOURNAL OF EXPERIMENTAL & CLINICAL CANCER RESEARCH,1,1
JOURNAL OF FACILITIES MANAGEMENT,1,1
Journal of Food Process Engineering,1,1
Journal of Forestry Engineering,1,1
JOURNAL OF GEOGRAPHICAL SCIENCES,1,1
Journal of Health Organization and Management,1,1
JOURNAL OF HOSPITALITY AND TOURISM TECHNOLOGY,1,1
Journal of Indian Philosophy,1,1
JOURNAL OF INFORMATION & KNOWLEDGE MANAGEMENT,1,1
Journal of Information Science,1,1
Journal of Information Science Theory and Practice,1,1
Journal of Information Technology Education: Innovations in Practice,1,1
JOURNAL OF INFORMATION TECHNOLOGY EDUCATION-RESEARCH,1,1
Journal of Information Technology in Construction,1,1
Journal of Innovation and Entrepreneurship,1,1
Journal of Innovation and Knowledge,1,1
JOURNAL OF INNOVATION ECONOMICS & MANAGEMENT,1,1
"Journal of Intellectual Property, Information Technology and E-Commerce Law",1,1
Journal of Intelligent and Fuzzy Systems,1,1
Journal of Intelligent and Robotic Systems: Theory and Applications,1,1
JOURNAL OF INTELLIGENT MANUFACTURING,1,1
JOURNAL OF INTERACTIVE MEDIA IN EDUCATION,1,1
JOURNAL OF KOREA TRADE,1,1
JOURNAL OF LOCATION BASED SERVICES,1,1
Journal of Managed Care and Specialty Pharmacy,1,1
JOURNAL OF MANAGEMENT & GOVERNANCE,1,1
JOURNAL OF MANAGEMENT & ORGANIZATION,1,1
Journal of Management Information and Decision Sciences,1,1
Journal of Management Studies,1,1
JOURNAL OF MANAGERIAL PSYCHOLOGY,1,1
JOURNAL OF MANUFACTURING SCIENCE AND ENGINEERING-TRANSACTIONS OF THE ASME,1,1
Journal of marketing,1,1
JOURNAL OF MARKETING FOR HIGHER EDUCATION,1,1
JOURNAL OF MARKETING THEORY AND PRACTICE,1,1
Journal of Materials Chemistry A,1,1
JOURNAL OF MATHEMATICS TEACHER EDUCATION,1,1
Journal of Mechanisms and Robotics,1,1
JOURNAL OF MICROSCOPY,1,1
Journal of Modelling in Management,1,1
JOURNAL OF NANOPARTICLE RESEARCH,1,1
JOURNAL OF NETWORK AND COMPUTER APPLICATIONS,1,1
JOURNAL OF NEUROSCIENCE,1,1
JOURNAL OF ORGANIZATIONAL BEHAVIOR,1,1
JOURNAL OF ORGANIZATIONAL COMPUTING AND ELECTRONIC COMMERCE,1,1
JOURNAL OF ORGANIZATIONAL EFFECTIVENESS-PEOPLE AND PERFORMANCE,1,1
Journal of Outdoor Recreation and Tourism,1,1
JOURNAL OF PERSONAL SELLING & SALES MANAGEMENT,1,1
Journal of Pharmaceutical Innovation,1,1
Journal of Physical Chemistry Letters,1,1
JOURNAL OF POLITICAL ECONOMY,1,1
Journal of Pre-College Engineering Education Research,1,1
JOURNAL OF PSYCHOLOGY IN AFRICA,1,1
JOURNAL OF PUBLIC ADMINISTRATION RESEARCH AND THEORY,1,1
Journal of Public Health Management and Practice,1,1
Journal of Quantitative Criminology,1,1
JOURNAL OF RENEWABLE AND SUSTAINABLE ENERGY,1,1
JOURNAL OF RESEARCH IN EDUCATION SCIENCES,1,1
Journal of Research in Science Teaching,1,1
JOURNAL OF ROBOTICS,1,1
Journal of Safety Research,1,1
Journal of Science Teacher Education,1,1
JOURNAL OF SCIENTOMETRIC RESEARCH,1,1
JOURNAL OF SERVICE MANAGEMENT,1,1
JOURNAL OF SERVICE THEORY AND PRACTICE,1,1
JOURNAL OF SERVICES MARKETING,1,1
JOURNAL OF SOFTWARE-EVOLUTION AND PROCESS,1,1
JOURNAL OF STRATEGY AND MANAGEMENT,1,1
JOURNAL OF SUSTAINABLE FORESTRY,1,1
Journal of Systems and Information Technology,1,1
Journal of Technology Management and Innovation,1,1
Journal of the Academy of Nutrition and Dietetics,1,1
JOURNAL OF THE AMERICAN CERAMIC SOCIETY,1,1
Journal of the American Medical Informatics Association,1,1
Journal of the Association for Consumer Research,1,1
JOURNAL OF THE ASSOCIATION FOR INFORMATION SYSTEMS,1,1
JOURNAL OF THE FRANKLIN INSTITUTE-ENGINEERING AND APPLIED MATHEMATICS,1,1
JOURNAL OF THEORETICAL AND APPLIED ELECTRONIC COMMERCE RESEARCH,1,1
JOURNAL OF TRAVEL RESEARCH,1,1
Journal of University Teaching and Learning Practice,1,1
JOURNAL OF URBAN AFFAIRS,1,1
JOURNAL OF WEB SEMANTICS,1,1
Journal of Work-Applied Management,1,1
JOURNAL OF WORLD BUSINESS,1,1
KDD'17: PROCEEDINGS OF THE 23RD ACM SIGKDD INTERNATIONAL CONFERENCE ON KNOWLEDGE DISCOVERY AND DATA MINING,1,1
Kexue Tongbao/Chinese Science Bulletin,1,1
Kidney and Blood Pressure Research,1,1
KNOWLEDGE-BASED AND INTELLIGENT INFORMATION & ENGINEERING SYSTEMS (KSE 2021),1,1
LAND,1,1
LANDSCAPE ARCHITECTURE FRONTIERS,1,1
Latin American Business Review,1,1
"Law, Innovation and Technology",1,1
Leadership and Organization Development Journal,1,1
"Learning Environments: Emerging Theories, Applications and Future Directions",1,1
Lecture Notes in Geoinformation and Cartography,1,1
Lecture Notes in Information Systems and Organisation,1,1
LIBRARY REVIEW,1,1
LIFE SCIENCES SOCIETY AND POLICY,1,1
"Life Sciences, Society and Policy",1,1
Local Clusters in Global Value Chains: Linking Actors and Territories Through Manufacturing and Innovation,1,1
LOCAL ECONOMY,1,1
LOGFORUM,1,1
LOGISTICS-BASEL,1,1
MACHINE LEARNING,1,1
Machine Learning and Cognition in Enterprises: Business Intelligence Transformed,1,1
MACROECONOMIC DYNAMICS,1,1
MANAGEMENT OF ENVIRONMENTAL QUALITY,1,1
Management science,1,1
MANAGEMENT-POLAND,1,1
Managing Medical Technological Innovations: Exploring Multiple Perspectives,1,1
MANAGING SPORT AND LEISURE,1,1
MARINE POLICY,1,1
MARKETING AND MANAGEMENT OF INNOVATIONS,1,1
MATERIA ARQUITECTURA,1,1
MATERIALS,1,1
MATERIALS & DESIGN,1,1
Materials and Design,1,1
MATERIALS HORIZONS,1,1
Materials Today: Proceedings,1,1
MATERIALS TODAY-PROCEEDINGS,1,1
MATHEMATICS ENTHUSIAST,1,1
MCCSIS 2018 - Multi Conference on Computer Science and Information Systems; Proceedings of the International Conferences on e-Learning 2018,1,1
Medical Image Analysis,1,1
Medical Journal of the Islamic Republic of Iran,1,1
MEDITARI ACCOUNTANCY RESEARCH,1,1
Mediterranean Protected Areas in the Era of Overtourism: Challenges and Solutions,1,1
MEHRAN UNIVERSITY RESEARCH JOURNAL OF ENGINEERING AND TECHNOLOGY,1,1
Meitan Xuebao/Journal of the China Coal Society,1,1
Metabolic Engineering,1,1
Metallic Spintronic Devices,1,1
"METROLOGY, INSPECTION, AND PROCESS CONTROL FOR MICROLITHOGRAPHY XXX",1,1
"Microbial Management of Plant Stresses: Current Trends, Application and Challenges",1,1
Micromachines,1,1
MINERALS,1,1
MIS QUARTERLY,1,1
MIT SLOAN MANAGEMENT REVIEW,1,1
MOBILE INFORMATION SYSTEMS,1,1
"Mobile Medicine: Overcoming People, Culture, and Governance",1,1
MODERN PHYSICS LETTERS B,1,1
MOLECULAR METABOLISM,1,1
Molecules,1,1
MONTENEGRIN JOURNAL OF ECONOMICS,1,1
MRS Bulletin,1,1
MRS COMMUNICATIONS,1,1
MSYSTEMS,1,1
"Multi Conference on Computer Science and Information Systems, MCCSIS 2019 - Proceedings of the International Conference on e-Health 2019",1,1
Multimedia Systems,1,1
Multimodal Technologies and Interaction,1,1
MULTINATIONAL BUSINESS REVIEW,1,1
MULTIPLE-ASPECT ANALYSIS OF SEMANTIC TRAJECTORIES,1,1
Musculoskeletal Care,1,1
NANOETHICS,1,1
Nanotechnology Reviews,1,1
NATIONAL ACADEMY OF MANAGERIAL STAFF OF CULTURE AND ARTS HERALD,1,1
National Remote Sensing Bulletin,1,1
Natural Gas Industry,1,1
Nature Food,1,1
NATURE REVIEWS DRUG DISCOVERY,1,1
NATURE REVIEWS GASTROENTEROLOGY & HEPATOLOGY,1,1
NATURE REVIEWS MATERIALS,1,1
NETHERLANDS HEART JOURNAL,1,1
NEURAL COMPUTING & APPLICATIONS,1,1
Neural Computing and Applications,1,1
NEUROSURGICAL FOCUS,1,1
New Generation Computing,1,1
Non-coding RNA,1,1
NONPROFIT AND VOLUNTARY SECTOR QUARTERLY,1,1
NORSK GEOGRAFISK TIDSSKRIFT-NORWEGIAN JOURNAL OF GEOGRAPHY,1,1
Nourishing Communities: From Fractured Food Systems to Transformative Pathways,1,1
npj Computational Materials,1,1
NUCLEIC ACIDS RESEARCH,1,1
OBRABOTKA METALLOV-METAL WORKING AND MATERIAL SCIENCE,1,1
OBRAZOVANIE I NAUKA-EDUCATION AND SCIENCE,1,1
OMICS A Journal of Integrative Biology,1,1
ONCOLOGY,1,1
Ophthalmology Retina,1,1
"Optimum-Path Forest: Theory, Algorithms, and Applications",1,1
Organic Agriculture,1,1
ORGANIZACIJA,1,1
ORGANIZATION,1,1
ORGANIZATION & ENVIRONMENT,1,1
ORGANIZATION DESIGN,1,1
Organization Management Journal,1,1
PACIFIC ASIA JOURNAL OF THE ASSOCIATION FOR INFORMATION SYSTEMS,1,1
PAPERS IN REGIONAL SCIENCE,1,1
Paradigm Shift in Technologies and Innovation Systems,1,1
Participatory Design Theory: Using Technology and Social Media to Foster Civic Engagement,1,1
Pattern Recognition,1,1
Patterns,1,1
Personalized Psychiatry,1,1
PHYSICAL REVIEW RESEARCH,1,1
"PICMET 2018 - Portland International Conference on Management of Engineering and Technology: Managing Technological Entrepreneurship: The Engine for Economic Growth, Proceedings",1,1
Plant Genetic Resources and Traditional Knowledge for Food Security,1,1
POLICY AND INTERNET,1,1
Politikon,1,1
POLYMERS,1,1
Postgraduate Medical Journal,1,1
Practical Panarchy for Adaptive Water Governance: Linking Law to Social-Ecological Resilience,1,1
"PRICAI 2018: TRENDS IN ARTIFICIAL INTELLIGENCE, PT II",1,1
Procedia Computer Science,1,1
"Proceeding - 1st International Conference on Innovative Trends and Advances in Engineering and Technology, ICITAET 2019",1,1
"Proceedings - 13th Latin American Conference on Learning Technologies, LACLO 2018",1,1
"Proceedings - 2015 IIAI 4th International Congress on Advanced Applied Informatics, IIAI-AAI 2015",1,1
"Proceedings - 2017 7th World Engineering Education Forum, WEEF 2017- In Conjunction with: 7th Regional Conference on Engineering Education and Research in Higher Education 2017, RCEE and RHEd 2017, 1st International STEAM Education Conference, STEAMEC 2017 and 4th Innovative Practices in Higher Education Expo 2017, I-PHEX 2017",1,1
"Proceedings - 2017 International Conference on Computer Technology, Electronics and Communication, ICCTEC 2017",1,1
"Proceedings - 2018 7th International Congress on Advanced Applied Informatics, IIAI-AAI 2018",1,1
"Proceedings - 2019 8th International Congress on Advanced Applied Informatics, IIAI-AAI 2019",1,1
"Proceedings - 2019 Brazilian Conference on Intelligent Systems, BRACIS 2019",1,1
"Proceedings - 2019 IEEE International Conference on Bioinformatics and Biomedicine, BIBM 2019",1,1
"Proceedings - 2020 2nd International Conference on Applied Machine Learning, ICAML 2020",1,1
"Proceedings - 2020 International Symposium on Educational Technology, ISET 2020",1,1
"Proceedings - 2021 2nd International Conference on Artificial Intelligence and Education, ICAIE 2021",1,1
"Proceedings - 2021 3rd International Conference on Process Mining, ICPM 2021",1,1
"Proceedings - 2021 6th International Symposium on Computer and Information Processing Technology, ISCIPT 2021",1,1
"Proceedings - 2021 International Conference on Computer Technology and Media Convergence Design, CTMCD 2021",1,1
"Proceedings - 2021 International Conference on Computers, Information Processing and Advanced Education, CIPAE 2021",1,1
"Proceedings - 2021 International Conference on Intelligent Computing, Automation and Applications, ICAA 2021",1,1
"Proceedings - 2021 International Conference on Internet, Education and Information Technology, IEIT 2021",1,1
"Proceedings - 4th International Conference on Applied Computing and Information Technology, 3rd International Conference on Computational Science/Intelligence and Applied Informatics, 1st International Conference on Big Data, Cloud Computing, Data Science and Engineering, ACIT-CSII-BCD 2016",1,1
Proceedings - Design Automation Conference,1,1
Proceedings - IEEE INFOCOM,1,1
"Proceedings 2018 Chinese Automation Congress, CAC 2018",1,1
Proceedings IECON 2017 - 43rd Annual Conference of the IEEE Industrial Electronics Society,1,1
PROCEEDINGS OF 2016 CHINA INTERNATIONAL CONFERENCE ON INSURANCE AND RISK MANAGEMENT,1,1
PROCEEDINGS OF 2017 6TH INTERNATIONAL CONFERENCE ON COMPUTER SCIENCE AND NETWORK TECHNOLOGY (ICCSNT 2017),1,1
"Proceedings of 2017 6th International Conference on Computer Science and Network Technology, ICCSNT 2017",1,1
PROCEEDINGS OF 2017 CHINA INTERNATIONAL CONFERENCE ON INSURANCE AND RISK MANAGEMENT,1,1
PROCEEDINGS OF 2018 CHINA INTERNATIONAL CONFERENCE ON INSURANCE AND RISK MANAGEMENT,1,1
"Proceedings of 2019 IEEE International Conference on Mechatronics and Automation, ICMA 2019",1,1
PROCEEDINGS OF 2019 IEEE PES INNOVATIVE SMART GRID TECHNOLOGIES EUROPE (ISGT-EUROPE),1,1
"Proceedings of 2019 IEEE PES Innovative Smart Grid Technologies Europe, ISGT-Europe 2019",1,1
"Proceedings of 2021 World Engineering Education Forum/Global Engineering Deans Council, WEEF/GEDC 2021",1,1
"Proceedings of 2nd International Conference on Computer Science and Educational Informatization, CSEI 2020",1,1
"Proceedings of 2nd International Conference on Innovative Practices in Technology and Management, ICIPTM 2022",1,1
PROCEEDINGS OF BUILDING SIMULATION 2019: 16TH CONFERENCE OF IBPSA,1,1
PROCEEDINGS OF FABLEARN 2016: 6TH ANNUAL CONFERENCE ON CREATIVITY AND MAKING IN EDUCATION,1,1
"Proceedings of Interaction Design and Children, IDC 2021",1,1
"Proceedings of International Conference of the Learning Sciences, ICLS",1,1
PROCEEDINGS OF NEUROMORPHIC COMPUTING SYMPOSIUM (NCS 2017),1,1
"Proceedings of PEHC 2021: Workshop on Programming Environments for Heterogeneous Computing, Held in conjunction with SC 2021: The International Conference for High Performance Computing, Networking, Storage and Analysis",1,1
PROCEEDINGS OF THE 11TH EUROPEAN CONFERENCE ON INNOVATION AND ENTREPRENEURSHIP,1,1
PROCEEDINGS OF THE 12TH EUROPEAN CONFERENCE ON INNOVATION AND ENTREPRENEURSHIP (ECIE 2017),1,1
PROCEEDINGS OF THE 13TH EUROPEAN CONFERENCE ON INNOVATION AND ENTREPRENEURSHIP (ECIE 2018),1,1
"PROCEEDINGS OF THE 13TH EUROPEAN CONFERENCE ON MANAGEMENT, LEADERSHIP AND GOVERNANCE (ECMLG 2017)",1,1
"PROCEEDINGS OF THE 13TH INTERNATIONAL CONFERENCE ON INNOVATION AND MANAGEMENT, VOLS I & II",1,1
"Proceedings of the 13th International Conference on Web and Social Media, ICWSM 2019",1,1
"PROCEEDINGS OF THE 13TH INTERNATIONAL JOINT CONFERENCE ON KNOWLEDGE DISCOVERY, KNOWLEDGE ENGINEERING AND KNOWLEDGE MANAGEMENT (KMIS), VOL 3",1,1
"Proceedings of the 15th International Conference on Business Information Systems 2020 ""Developments, Opportunities and Challenges of Digitization"", WIRTSCHAFTSINFORMATIK 2020",1,1
"Proceedings of the 15th Sound and Music Computing Conference: Sonic Crossings, SMC 2018",1,1
"PROCEEDINGS OF THE 16TH EUROPEAN CONFERENCE ON INNOVATION AND ENTREPRENEURSHIP (ECIE 2021), VOL 2",1,1
PROCEEDINGS OF THE 17TH EUROPEAN CONFERENCE ON KNOWLEDGE MANAGEMENT,1,1
"PROCEEDINGS OF THE 19TH EUROPEAN CONFERENCE ON KNOWLEDGE MANAGEMENT (ECKM 2018), VOLS 1 AND 2",1,1
"Proceedings of the 19th International Conference on Engineering and Product Design Education: Building Community: Design Education for a Sustainable Future, E and PDE 2017",1,1
"Proceedings of the 19th International Web for All Conference, W4A 2022",1,1
PROCEEDINGS OF THE 1ST ACM SIGCAS CONFERENCE ON COMPUTING AND SUSTAINABLE SOCIETIES (COMPASS 2018),1,1
"Proceedings of the 2016 4th International Conference on Machinery, Materials and Information Technology Applications",1,1
PROCEEDINGS OF THE 2016 8TH INTERNATIONAL CONFERENCE ON INFORMATION MANAGEMENT AND ENGINEERING (ICIME 2016),1,1
"Proceedings of the 2016 International Conference on Arts, Design and Contemporary Education",1,1
"PROCEEDINGS OF THE 2016 INTERNATIONAL CONFERENCE ON EDUCATION, MANAGEMENT SCIENCE AND ECONOMICS (ICEMSE 2016)",1,1
PROCEEDINGS OF THE 2016 INTERNATIONAL CONFERENCE ON HUMANITIES AND SOCIAL SCIENCE (HSS 2016),1,1
"PROCEEDINGS OF THE 2016 INTERNATIONAL CONFERENCE ON HUMANITY, EDUCATION AND SOCIAL SCIENCE",1,1
"PROCEEDINGS OF THE 2017 INTERNATIONAL CONFERENCE ON SOCIAL SCIENCE, EDUCATION AND HUMANITIES RESEARCH (ICSEHR 2017)",1,1
PROCEEDINGS OF THE 2018 2ND INTERNATIONAL CONFERENCE ON ECONOMIC DEVELOPMENT AND EDUCATION MANAGEMENT (ICEDEM 2018),1,1
PROCEEDINGS OF THE 2018 4TH INTERNATIONAL CONFERENCE ON SOCIAL SCIENCE AND HIGHER EDUCATION (ICSSHE 2018),1,1
"PROCEEDINGS OF THE 2018 AAAI/ACM CONFERENCE ON AI, ETHICS, AND SOCIETY (AIES'18)",1,1
PROCEEDINGS OF THE 2018 GREAT LAKES SYMPOSIUM ON VLSI (GLSVLSI'18),1,1
PROCEEDINGS OF THE 2020 ACM DESIGNING INTERACTIVE SYSTEMS CONFERENCE (DIS 2020),1,1
PROCEEDINGS OF THE 2020 IEEE GLOBAL ENGINEERING EDUCATION CONFERENCE (EDUCON 2020),1,1
PROCEEDINGS OF THE 2021 IEEE 24TH INTERNATIONAL CONFERENCE ON COMPUTER SUPPORTED COOPERATIVE WORK IN DESIGN (CSCWD),1,1
"Proceedings of the 2021 IEEE 24th International Conference on Computer Supported Cooperative Work in Design, CSCWD 2021",1,1
"PROCEEDINGS OF THE 22ND INTERNATIONAL CONFERENCE ON COMPUTER-AIDED ARCHITECTURAL DESIGN RESEARCH IN ASIA (CAADRIA 2017): PROTOCOLS, FLOWS AND GLITCHES",1,1
"Proceedings of the 22nd International Conference on Engineering and Product Design Education, E and PDE 2020",1,1
"Proceedings of the 22nd Pacific Asia Conference on Information Systems - Opportunities and Challenges for the Digitized Society: Are We Ready?, PACIS 2018",1,1
"Proceedings of the 23rd Pacific Asia Conference on Information Systems: Secure ICT Platform for the 4th Industrial Revolution, PACIS 2019",1,1
"Proceedings of the 24th Pacific Asia Conference on Information Systems: Information Systems (IS) for the Future, PACIS 2020",1,1
"Proceedings of the 28th Australasian Conference on Information Systems, ACIS 2017",1,1
"Proceedings of the 2nd IEEE International Conference on Knowledge Innovation and Invention 2019, ICKII 2019",1,1
"PROCEEDINGS OF THE 2ND INTERNATIONAL CONFERENCE ON ECONOMICS AND MANAGEMENT, EDUCATION, HUMANITIES AND SOCIAL SCIENCES (EMEHSS 2018)",1,1
"Proceedings of the 30th International Conference of the International Association for Management of Technology, IAMOT 2021 - MOT for the World of the Future",1,1
"Proceedings of the 36th International Symposium on Automation and Robotics in Construction, ISARC 2019",1,1
"Proceedings of the 37th International Symposium on Automation and Robotics in Construction, ISARC 2020: From Demonstration to Practical Use - To New Stage of Construction Robot",1,1
PROCEEDINGS OF THE 3D INTERNATIONAL CONFERENCE ON APPLIED SOCIAL SCIENCE RESEARCH,1,1
PROCEEDINGS OF THE 3RD INTERNATIONAL CONFERENCE ON PROJECT EVALUATION (ICOPEV 2016),1,1
PROCEEDINGS OF THE 43RD INTERNATIONAL ACM SIGIR CONFERENCE ON RESEARCH AND DEVELOPMENT IN INFORMATION RETRIEVAL (SIGIR '20),1,1
PROCEEDINGS OF THE 52ND ANNUAL HAWAII INTERNATIONAL CONFERENCE ON SYSTEM SCIENCES,1,1
"Proceedings of the 5th Annual ACM Conference on Learning at Scale, L at S 2018",1,1
PROCEEDINGS OF THE 5TH EAI INTERNATIONAL CONFERENCE ON SMART OBJECTS AND TECHNOLOGIES FOR SOCIAL GOOD (GOODTECHS 2019),1,1
PROCEEDINGS OF THE 8TH EUROPEAN CONFERENCE ON INTELLECTUAL CAPITAL (ECIC 2016),1,1
PROCEEDINGS OF THE 8TH SWEDISH PRODUCTION SYMPOSIUM (SPS 2018),1,1
Proceedings of the ACM on Human-Computer Interaction,1,1
Proceedings of the ACM SIGKDD International Conference on Knowledge Discovery and Data Mining,1,1
"Proceedings of the ACM Symposium on Virtual Reality Software and Technology, VRST",1,1
"Proceedings of the Annual International Conference of the IEEE Engineering in Medicine and Biology Society, EMBS",1,1
Proceedings of the Annual Offshore Technology Conference,1,1
"PROCEEDINGS OF THE ASME INTERNATIONAL DESIGN ENGINEERING TECHNICAL CONFERENCES AND COMPUTERS AND INFORMATION IN ENGINEERING CONFERENCE, 2018, VOL 7",1,1
"PROCEEDINGS OF THE ASME INTERNATIONAL DESIGN ENGINEERING TECHNICAL CONFERENCES AND COMPUTERS AND INFORMATION IN ENGINEERING CONFERENCE, 2019, VOL 1",1,1
"Proceedings of the European Conference on e-Learning, ECEL",1,1
Proceedings of the European Conference on Games-based Learning,1,1
PROCEEDINGS OF THE FIFTH ANNUAL ACM CONFERENCE ON LEARNING AT SCALE (L@S'18),1,1
PROCEEDINGS OF THE IEEE,1,1
"Proceedings of the IEEE International Conference on Engineering of Complex Computer Systems, ICECCS",1,1
PROCEEDINGS OF THE INSTITUTION OF MECHANICAL ENGINEERS PART I-JOURNAL OF SYSTEMS AND CONTROL ENGINEERING,1,1
PROCEEDINGS OF THE INTERNATIONAL CONFERENCE OF APPLIED BUSINESS AND MANAGEMENT (ICABM2020),1,1
Proceedings of the International Conference of Architectural Science Association,1,1
Proceedings of the International Conference on Education and Research in Computer Aided Architectural Design in Europe,1,1
"Proceedings of the International Joint Conference on Autonomous Agents and Multiagent Systems, AAMAS",1,1
PROCEEDINGS OF THE SECOND INTERNATIONAL CONFERENCE ON ECONOMIC AND BUSINESS MANAGEMENT (FEBM 2017),1,1
PROCEEDINGS OF THE WORLD WIDE WEB CONFERENCE 2021 (WWW 2021),1,1
"PRODUCT LIFECYCLE MANAGEMENT: GREEN AND BLUE TECHNOLOGIES TO SUPPORT SMART AND SUSTAINABLE ORGANIZATIONS, PT II",1,1
Production,1,1
Production Planning and Control,1,1
PRODUCT-SERVICE SYSTEMS ACROSS LIFE CYCLE,1,1
PROGRESS IN ARTIFICIAL INTELLIGENCE (EPIA 2017),1,1
PROGRESS IN NEUROBIOLOGY,1,1
PROPOSITOS Y REPRESENTACIONES,1,1
PSYCHOLOGICAL REVIEW,1,1
PSYCHONOMIC BULLETIN & REVIEW,1,1
PUBLIC MONEY & MANAGEMENT,1,1
PUBLIC POLICY AND ADMINISTRATION,1,1
Pure and Applied Chemistry,1,1
Purushartha,1,1
QUALITATIVE RESEARCH IN ACCOUNTING AND MANAGEMENT,1,1
Quality and Quantity,1,1
QUARTERLY JOURNAL OF POLITICAL SCIENCE,1,1
R and D Management,1,1
"RAID 2019 Proceedings - 22nd International Symposium on Research in Attacks, Intrusions and Defenses",1,1
RANGELAND JOURNAL,1,1
Rapid Prototyping Journal,1,1
RAUSP MANAGEMENT JOURNAL,1,1
RECHERCHE ET APPLICATIONS EN MARKETING-ENGLISH EDITION,1,1
REGIONAL ENVIRONMENTAL CHANGE,1,1
Regional Science Inquiry,1,1
Renewable and Sustainable Energy Reviews,1,1
RENEWABLE ENERGY,1,1
Repositioning Pedagogical Content Knowledge in Teachers' Knowledge for Teaching Science,1,1
RESEARCH IN ENGINEERING DESIGN,1,1
Research in organizational behavior,1,1
Research in Rural Sociology and Development,1,1
RESEARCH IN SCIENCE EDUCATION,1,1
Research in the Sociology of Organizations,1,1
RESEARCH IN TRANSPORTATION BUSINESS AND MANAGEMENT,1,1
Research in World Economy,1,1
RESEARCH JOURNAL OF TEXTILE AND APPAREL,1,1
Researching Open Innovation In SMEs,1,1
Review of Policy Research,1,1
Revista Brasileira de Gestao de Negocios,1,1
Revista Conhecimento Online,1,1
Revista de Cercetare si Interventie Sociala,1,1
REVISTA DE ESTUDIOS REGIONALES,1,1
Revista de Informatica Teorica e Aplicada,1,1
REVISTA DEL CLAD REFORMA Y DEMOCRACIA,1,1
REVISTA ESPANOLA DE EDUCACION COMPARADA,1,1
REVISTA GESTAO & TECNOLOGIA-JOURNAL OF MANAGEMENT AND TECHNOLOGY,1,1
REVISTA ON LINE DE POLITICA E GESTAO EDUCACIONAL,1,1
REVISTA UNIVERSIDAD EMPRESA,1,1
REVISTA UNIVERSIDAD Y SOCIEDAD,1,1
RIE-REVISTA DE INVESTIGACION EDUCATIVA,1,1
Risk in the Film Business: Known Unknowns,1,1
RoboSoft 2019 - 2019 IEEE International Conference on Soft Robotics,1,1
ROBOTICA,1,1
Robotics and Autonomous Systems,1,1
SAE Technical Papers,1,1
Safety Science,1,1
SCANDINAVIAN JOURNAL OF HOSPITALITY AND TOURISM,1,1
SCIENCE & EDUCATION,1,1
Science and Education,1,1
SCIENCE AND ENGINEERING ETHICS,1,1
Security and Policy Driven Computing,1,1
SEG Technical Program Expanded Abstracts,1,1
SEMANTIC WEB,1,1
"SEMANTIC WEB - ISWC 2020, PT I",1,1
Sensors (Switzerland),1,1
"SERIOUS GAMES, JCSG 2021",1,1
SERVICE BUSINESS,1,1
"Service Design and Service Thinking in Healthcare and Hospital Management: Theory, Concepts, Practice",1,1
Shape Memory and Superelasticity,1,1
She Ji,1,1
SHE JI-THE JOURNAL OF DESIGN ECONOMICS AND INNOVATION,1,1
SIAM JOURNAL ON SCIENTIFIC COMPUTING,1,1
SIGGRAPH '19 - ACM SIGGRAPH 2019 STUDIO,1,1
SIGIR 2022 - Proceedings of the 45th International ACM SIGIR Conference on Research and Development in Information Retrieval,1,1
Signal Processing and Machine Learning for Brain-Machine Interfaces,1,1
SIMULATION MODELLING PRACTICE AND THEORY,1,1
SIMULATION-TRANSACTIONS OF THE SOCIETY FOR MODELING AND SIMULATION INTERNATIONAL,1,1
SINGAPORE ECONOMIC REVIEW,1,1
SISTEMAS & GESTAO,1,1
"SISY 2016 - IEEE 14th International Symposium on Intelligent Systems and Informatics, Proceedings",1,1
SLEEP MEDICINE REVIEWS,1,1
SMALL ENTERPRISE RESEARCH,1,1
SMALL METHODS,1,1
Smart Materials and Structures,1,1
Smart Specialisation and the Agri-food System: A European Perspective,1,1
SOCIAL AND CULTURAL TRANSFORMATIONS IN THE CONTEXT OF MODERN GLOBALISM (SCTCGM 2018),1,1
SOCIAL NETWORKS,1,1
SOCIAL SCIENCES-BASEL,1,1
Social Systems Engineering: The Design of Complexity,1,1
Society of Petroleum Engineers - SPE Asia Pacific Oil and Gas Conference and Exhibition 2016,1,1
"Society of Petroleum Engineers - SPE Canadian Energy Technology Conference, CET 2022",1,1
"Society of Petroleum Engineers - SPE Trinidad and Tobago Section Energy Resources Conference 2021, TTCE 2021",1,1
"SOCIETY, INTEGRATION, EDUCATION 2019, VOL I: HIGHER EDUCATION",1,1
SOCIO-ECONOMIC PLANNING SCIENCES,1,1
SOCIO-ECONOMIC REVIEW,1,1
SOFT ROBOTICS,1,1
SOUTH AFRICAN JOURNAL OF ECONOMIC AND MANAGEMENT SCIENCES,1,1
South African Journal of Physiotherapy,1,1
Spanish Journal of Psychology,1,1
"SPE Middle East Oil and Gas Show and Conference, MEOS, Proceedings",1,1
Spectroscopic Properties of Inorganic and Organometallic Compounds,1,1
Spool,1,1
SPORT MANAGEMENT REVIEW,1,1
Springer Geography,1,1
Springer Proceedings in Complexity,1,1
Springer Water,1,1
SpringerBriefs in Open and Distance Education,1,1
Statistics Education Research Journal,1,1
STEM Education for the 21st Century,1,1
Strategic Design Research Journal,1,1
Strategic Information Systems and Technologies in Modern Organizations,1,1
Strategic Innovations and Interdisciplinary Perspectives in Telecommunications and Networking,1,1
STRATEGY SCIENCE,1,1
"Strategy, Leadership, and AI in the Cyber Ecosystem: The Role of Digital Societies in Information Governance and Decision Making",1,1
STRUCTURAL ENGINEERING AND MECHANICS,1,1
Structural Health Monitoring,1,1
STRUCTURAL SAFETY,1,1
Structures,1,1
Studies in Art Education,1,1
Studies in Computational Intelligence,1,1
STUDIES IN HIGHER EDUCATION,1,1
Studies in Public and Non-Profit Governance,1,1
"Studies on Entrepreneurship, Structural Change and Industrial Dynamics",1,1
Studying Teacher Education,1,1
Supercomputing Frontiers and Innovations,1,1
Supply Chain Management,1,1
SUSTAINABILITY SCIENCE,1,1
Sustainability Transitions in South Africa,1,1
Sustainable Computing: Informatics and Systems,1,1
SUSTAINABLE COMPUTING-INFORMATICS & SYSTEMS,1,1
SUSTAINABLE ENERGY TECHNOLOGIES AND ASSESSMENTS,1,1
Sustainable Futures,1,1
SYSTEM DYNAMICS REVIEW,1,1
SYSTEMIC PRACTICE AND ACTION RESEARCH,1,1
Taiwanese Political Science Review,1,1
"Teacher Training and Professional Development: Concepts, Methodologies, Tools, and Applications",1,1
TEACHERS COLLEGE RECORD,1,1
Teaching and Learning in Medicine,1,1
TEACHING AND TEACHER EDUCATION,1,1
Technical Services Quarterly,1,1
TECHNOLOGICAL AND ECONOMIC DEVELOPMENT OF ECONOMY,1,1
Technology Analysis and Strategic Management,1,1
TEEM'21: NINTH INTERNATIONAL CONFERENCE ON TECHNOLOGICAL ECOSYSTEMS FOR ENHANCING MULTICULTURALITY,1,1
Telecommunications Policy,1,1
TEM Journal,1,1
TEORIJA IN PRAKSA,1,1
TEXTILE RESEARCH JOURNAL,1,1
Thammasat Review,1,1
The Cambridge Handbook of Motivation and Learning,1,1
The Innovation Engine for Growth: An Actionable Roadmap to Thriving in a Hyper-Competitive World,1,1
The New Production of Users: Changing Innovation Collectives and Involvement Strategies,1,1
The Oxford Handbook of Social Media and Music Learning,1,1
The Palgrave Handbook of Organizational Change Thinkers,1,1
"The Routledge Companion to Risk, Crisis and Security in Business",1,1
The Vertical Flight Society - Forum 75: The Future of Vertical Flight - Proceedings of the 75th Annual Forum and Technology Display,1,1
The Wiley Handbook of Global Workplace Learning,1,1
THEORETICAL ISSUES IN ERGONOMICS SCIENCE,1,1
"THIRTY-FIFTH AAAI CONFERENCE ON ARTIFICIAL INTELLIGENCE, THIRTY-THIRD CONFERENCE ON INNOVATIVE APPLICATIONS OF ARTIFICIAL INTELLIGENCE AND THE ELEVENTH SYMPOSIUM ON EDUCATIONAL ADVANCES IN ARTIFICIAL INTELLIGENCE",1,1
TOURISM & MANAGEMENT STUDIES,1,1
TOURISM MANAGEMENT,1,1
TOURISM REVIEW,1,1
"Towards Sustainable Technologies and Innovation - Proceedings of the 27th Annual Conference of the International Association for Management of Technology, IAMOT 2018",1,1
TOWN AND REGIONAL PLANNING,1,1
Transactions in GIS,1,1
TRANSDISCIPLINARY ENGINEERING FOR COMPLEX SOCIO-TECHNICAL SYSTEMS,1,1
TRANSFORMATIONS IN BUSINESS & ECONOMICS,1,1
Transformations in Business and Economics,1,1
TRANSPORT IN POROUS MEDIA,1,1
TRAVEL BEHAVIOUR AND SOCIETY,1,1
TRENDS IN COGNITIVE SCIENCES,1,1
Turkish Online Journal of Educational Technology,1,1
"UMAP2022 - Proceedings of the 30th ACM Conference on User Modeling, Adaptation and Personalization",1,1
UNIVERSAL ACCESS IN THE INFORMATION SOCIETY,1,1
Universidad y Sociedad,1,1
"Universities, Inclusive Development and Social Innovation: An International Perspective",1,1
UNIVERSITY OF CHICAGO LAW REVIEW,1,1
UNMANNED SYSTEMS TECHNOLOGY XIX,1,1
URBAN SCIENCE,1,1
URBAN TRANSITIONS CONFERENCE,1,1
USER MODELING AND USER-ADAPTED INTERACTION,1,1
Voprosy Ekonomiki,1,1
Waste and Biomass Valorization,1,1
Water (Switzerland),1,1
Waterlines,1,1
WHAT'S AHEAD IN SERVICE RESEARCH?: NEW PERSPECTIVES FOR BUSINESS AND SOCIETY,1,1
Wiley Interdisciplinary Reviews: Computational Molecular Science,1,1
WILEY INTERDISCIPLINARY REVIEWS-DATA MINING AND KNOWLEDGE DISCOVERY,1,1
WILEY INTERDISCIPLINARY REVIEWS-ENERGY AND ENVIRONMENT,1,1
Wireless Communications and Mobile Computing,1,1
WIT Transactions on Ecology and the Environment,1,1
Wool Textile Journal,1,1
WORLD ECONOMY,1,1
World Electric Vehicle Journal,1,1
World Futures,1,1
WORLD JOURNAL OF ORTHOPEDICS,1,1
WORLD PATENT INFORMATION,1,1
World Sustainability Series,1,1
World Transactions on Engineering and Technology Education,1,1
WSDM'22: PROCEEDINGS OF THE FIFTEENTH ACM INTERNATIONAL CONFERENCE ON WEB SEARCH AND DATA MINING,1,1
WSEAS Transactions on Environment and Development,1,1
Xitong Fangzhen Xuebao / Journal of System Simulation,1,1
Yanshi Xuebao/Acta Petrologica Sinica,1,1
Yaoxue Xuebao,1,1
ZAGREB INTERNATIONAL REVIEW OF ECONOMICS & BUSINESS,1,1
ZDM-MATHEMATICS EDUCATION,1,1
SUSTAINABILITY,95,0
JOURNAL OF CLEANER PRODUCTION,38,0
FRONTIERS IN PSYCHOLOGY,28,0
CHINESE MANAGEMENT STUDIES,26,0
KYBERNETES,19,0
Sustainability (Switzerland),17,0
INTERNATIONAL JOURNAL OF ENVIRONMENTAL RESEARCH AND PUBLIC HEALTH,14,0
ENVIRONMENTAL SCIENCE AND POLLUTION RESEARCH,13,0
PLOS ONE,12,0
AGRICULTURAL SYSTEMS,11,0
Journal of Physics: Conference Series,10,0
ENERGY POLICY,9,0
INTERNATIONAL MARKETING REVIEW,9,0
BENCHMARKING-AN INTERNATIONAL JOURNAL,7,0
FORESIGHT,7,0
International Journal of Sustainability in Higher Education,7,0
